https://www.youtube.com/watch?v=BkzPdgdxWBY&pp=ygUNYyAgIHR1dG9yaWFscw%3D%3D,"Educational-programming,c++ tutorials"
https://www.youtube.com/watch?v=4Lgkg64e9Xc&pp=ygUNYyAgIHR1dG9yaWFscw%3D%3D,"Educational-programming,c++ tutorials"
https://www.youtube.com/watch?v=CSJLuARmzg0&pp=ygUNYyAgIHR1dG9yaWFscw%3D%3D,"Educational-programming,c++ tutorials"
https://www.youtube.com/watch?v=Sl6WZha_K30&pp=ygUNYyAgIHR1dG9yaWFscw%3D%3D,"Educational-programming,c++ tutorials"
https://www.youtube.com/watch?v=55lEuBLBTB8&pp=ygUNYyAgIHR1dG9yaWFscw%3D%3D,"Educational-programming,c++ tutorials"
https://www.youtube.com/watch?v=XaQ6MIw5LkM&pp=ygUNYyAgIHR1dG9yaWFscw%3D%3D,"Educational-programming,c++ tutorials"
https://www.youtube.com/watch?v=TenfEct8AxM&pp=ygUNYyAgIHR1dG9yaWFscw%3D%3D,"Educational-programming,c++ tutorials"
https://www.youtube.com/watch?v=3lQEunpmtRA&pp=ygUNYyAgIHR1dG9yaWFscw%3D%3D,"Educational-programming,c++ tutorials"
https://www.youtube.com/watch?v=yGB9jhsEsr8&pp=ygUNYyAgIHR1dG9yaWFscw%3D%3D,"Educational-programming,c++ tutorials"
https://www.youtube.com/watch?v=T3MusSv2zBQ&pp=ygUNYyAgIHR1dG9yaWFscw%3D%3D,"Educational-programming,c++ tutorials"
https://www.youtube.com/watch?v=8jLOx1hD3_o&pp=ygUNYyAgIHR1dG9yaWFscw%3D%3D,"Educational-programming,c++ tutorials"
https://www.youtube.com/watch?v=ILlU1Z6Didg&pp=ygUNYyAgIHR1dG9yaWFscw%3D%3D,"Educational-programming,c++ tutorials"
https://www.youtube.com/watch?v=clIcH1ALHMw&pp=ygUNYyAgIHR1dG9yaWFscw%3D%3D,"Educational-programming,c++ tutorials"
https://www.youtube.com/watch?v=Wa-kgmSLls4&pp=ygUNYyAgIHR1dG9yaWFscw%3D%3D,"Educational-programming,c++ tutorials"
https://www.youtube.com/watch?v=XETsCR2bXJI&pp=ygUNYyAgIHR1dG9yaWFscw%3D%3D,"Educational-programming,c++ tutorials"
https://www.youtube.com/watch?v=-TkoO8Z07hI&pp=ygUNYyAgIHR1dG9yaWFscw%3D%3D,"Educational-programming,c++ tutorials"
https://www.youtube.com/watch?v=yp4vNGdAMQw&pp=ygUNYyAgIHR1dG9yaWFscw%3D%3D,"Educational-programming,c++ tutorials"
https://www.youtube.com/watch?v=si-KFFOW2gw&pp=ygUNYyAgIHR1dG9yaWFscw%3D%3D,"Educational-programming,c++ tutorials"
https://www.youtube.com/watch?v=U8_8fTODn5g&pp=ygUNYyAgIHR1dG9yaWFscw%3D%3D,"Educational-programming,c++ tutorials"
https://www.youtube.com/watch?v=gt9YPl6O9ZM&pp=ygUNYyAgIHR1dG9yaWFscw%3D%3D,"Educational-programming,c++ tutorials"
https://www.youtube.com/watch?v=EjavYOFoJJ0&pp=ygUNYyAgIHR1dG9yaWFscw%3D%3D,"Educational-programming,c++ tutorials"
https://www.youtube.com/watch?v=gfkTfcpWqAY&pp=ygUNYyAgIHR1dG9yaWFscw%3D%3D,"Educational-programming,c++ tutorials"
https://www.youtube.com/watch?v=SuLiu5AK9Ps&pp=ygUNYyAgIHR1dG9yaWFscw%3D%3D,"Educational-programming,c++ tutorials"
https://www.youtube.com/watch?v=oWTnLzWkF5w&pp=ygUNYyAgIHR1dG9yaWFscw%3D%3D,"Educational-programming,c++ tutorials"
https://www.youtube.com/watch?v=oi1ffu6lBXE&pp=ygUNYyAgIHR1dG9yaWFscw%3D%3D,"Educational-programming,c++ tutorials"
https://www.youtube.com/watch?v=5SIBB589fAg&pp=ygUNYyAgIHR1dG9yaWFscw%3D%3D,"Educational-programming,c++ tutorials"
https://www.youtube.com/watch?v=mPCzY7b_-YY&pp=ygUNYyAgIHR1dG9yaWFscw%3D%3D,"Educational-programming,c++ tutorials"
https://www.youtube.com/watch?v=iGenyxwahTw&pp=ygUNYyAgIHR1dG9yaWFscw%3D%3D,"Educational-programming,c++ tutorials"
https://www.youtube.com/watch?v=wR_SHkqDhcc&pp=ygUNYyAgIHR1dG9yaWFscw%3D%3D,"Educational-programming,c++ tutorials"
https://www.youtube.com/watch?v=Wq_VtupTJes&pp=ygUNYyAgIHR1dG9yaWFscw%3D%3D,"Educational-programming,c++ tutorials"
https://www.youtube.com/watch?v=ix5jPkxsr7M&pp=ygUNYyAgIHR1dG9yaWFscw%3D%3D,"Educational-programming,c++ tutorials"
https://www.youtube.com/watch?v=l95bpK7RSS0&pp=ygUNYyAgIHR1dG9yaWFscw%3D%3D,"Educational-programming,c++ tutorials"
https://www.youtube.com/watch?v=sym-InhLOMY&pp=ygUNYyAgIHR1dG9yaWFscw%3D%3D,"Educational-programming,c++ tutorials"
https://www.youtube.com/watch?v=gfmRrPjnEw4&pp=ygUNYyAgIHR1dG9yaWFscw%3D%3D,"Educational-programming,c++ tutorials"
https://www.youtube.com/watch?v=6Dl_gkr0Lmw&pp=ygUNYyAgIHR1dG9yaWFscw%3D%3D,"Educational-programming,c++ tutorials"
https://www.youtube.com/watch?v=3JF7ndGauZk&pp=ygUNYyAgIHR1dG9yaWFscw%3D%3D,"Educational-programming,c++ tutorials"
https://www.youtube.com/watch?v=aWKJ5lRgI3U&pp=ygUNYyAgIHR1dG9yaWFscw%3D%3D,"Educational-programming,c++ tutorials"
https://www.youtube.com/watch?v=HdvRHC5TiwE&pp=ygUNYyAgIHR1dG9yaWFscw%3D%3D,"Educational-programming,c++ tutorials"
https://www.youtube.com/watch?v=DDQaAvtP19k&pp=ygUNYyAgIHR1dG9yaWFscw%3D%3D,"Educational-programming,c++ tutorials"
https://www.youtube.com/watch?v=Bjzfag1zZPg&pp=ygUNYyAgIHR1dG9yaWFscw%3D%3D,"Educational-programming,c++ tutorials"
https://www.youtube.com/watch?v=ZSPZob_1TOk&pp=ygUNYyAgIHR1dG9yaWFscw%3D%3D,"Educational-programming,c++ tutorials"
https://www.youtube.com/watch?v=-CpG3oATGIs&pp=ygUNYyAgIHR1dG9yaWFscw%3D%3D,"Educational-programming,c++ tutorials"
https://www.youtube.com/watch?v=M5ugY7fWydE&pp=ygUNYyAgIHR1dG9yaWFscw%3D%3D,"Educational-programming,c++ tutorials"
https://www.youtube.com/watch?v=LSJi260o6n4&pp=ygUNYyAgIHR1dG9yaWFscw%3D%3D,"Educational-programming,c++ tutorials"
https://www.youtube.com/watch?v=JcKsBE85hmM&pp=ygUNYyAgIHR1dG9yaWFscw%3D%3D,"Educational-programming,c++ tutorials"
https://www.youtube.com/watch?v=KlEsZLmvdvU&pp=ygUNYyAgIHR1dG9yaWFscw%3D%3D,"Educational-programming,c++ tutorials"
https://www.youtube.com/watch?v=GQp1zzTwrIg&pp=ygUNYyAgIHR1dG9yaWFscw%3D%3D,"Educational-programming,c++ tutorials"
https://www.youtube.com/watch?v=2ybLD6_2gKM&pp=ygUNYyAgIHR1dG9yaWFscw%3D%3D,"Educational-programming,c++ tutorials"
https://www.youtube.com/watch?v=irqbmMNs2Bo&pp=ygUNYyAgIHR1dG9yaWFscw%3D%3D,"Educational-programming,c++ tutorials"
https://www.youtube.com/watch?v=wYvrBXUfFfw&pp=ygUNYyAgIHR1dG9yaWFscw%3D%3D,"Educational-programming,c++ tutorials"
https://www.youtube.com/watch?v=7tfh5K1PN7c&pp=ygUNYyAgIHR1dG9yaWFscw%3D%3D,"Educational-programming,c++ tutorials"
https://www.youtube.com/watch?v=7nEelMofmKk&pp=ygUNYyAgIHR1dG9yaWFscw%3D%3D,"Educational-programming,c++ tutorials"
https://www.youtube.com/watch?v=BSaF8KxnoLY&pp=ygUNYyAgIHR1dG9yaWFscw%3D%3D,"Educational-programming,c++ tutorials"
https://www.youtube.com/watch?v=0Sg6QHmlFJE&pp=ygUNYyAgIHR1dG9yaWFscw%3D%3D,"Educational-programming,c++ tutorials"
https://www.youtube.com/watch?v=R0qIYWo8igs&pp=ygUNYyAgIHR1dG9yaWFscw%3D%3D,"Educational-programming,c++ tutorials"
https://www.youtube.com/watch?v=C5GCFEMcIGQ&pp=ygUNYyAgIHR1dG9yaWFscw%3D%3D,"Educational-programming,c++ tutorials"
https://www.youtube.com/watch?v=wxznTygnRfQ&pp=ygUNYyAgIHR1dG9yaWFscw%3D%3D,"Educational-programming,c++ tutorials"
https://www.youtube.com/watch?v=5klco_okkfU&pp=ygUNYyAgIHR1dG9yaWFscw%3D%3D,"Educational-programming,c++ tutorials"
https://www.youtube.com/watch?v=RhTTvJ95Knc&pp=ygUNYyAgIHR1dG9yaWFscw%3D%3D,"Educational-programming,c++ tutorials"
https://www.youtube.com/watch?v=keHescVGYsc&pp=ygUNYyAgIHR1dG9yaWFscw%3D%3D,"Educational-programming,c++ tutorials"
https://www.youtube.com/watch?v=KYxLEDF6kjs&pp=ygUNYyAgIHR1dG9yaWFscw%3D%3D,"Educational-programming,c++ tutorials"
https://www.youtube.com/watch?v=FGglX_9YJBY&pp=ygUNYyAgIHR1dG9yaWFscw%3D%3D,"Educational-programming,c++ tutorials"
https://www.youtube.com/watch?v=HucJhUkDJuk&pp=ygUNYyAgIHR1dG9yaWFscw%3D%3D,"Educational-programming,c++ tutorials"
https://www.youtube.com/watch?v=ssJY5MDLjlo&pp=ygUNYyAgIHR1dG9yaWFscw%3D%3D,"Educational-programming,c++ tutorials"
https://www.youtube.com/watch?v=131sbMRQVxc&pp=ygUNYyAgIHR1dG9yaWFscw%3D%3D,"Educational-programming,c++ tutorials"
https://www.youtube.com/watch?v=WJznertdKXg&pp=ygUNYyAgIHR1dG9yaWFscw%3D%3D,"Educational-programming,c++ tutorials"
https://www.youtube.com/watch?v=8PopR3x-VMY&pp=ygUNYyAgIHR1dG9yaWFscw%3D%3D,"Educational-programming,c++ tutorials"
https://www.youtube.com/watch?v=dqa0KMSMx2w&pp=ygUNYyAgIHR1dG9yaWFscw%3D%3D,"Educational-programming,c++ tutorials"
https://www.youtube.com/watch?v=i0ovgS-jCQ8&pp=ygUNYyAgIHR1dG9yaWFscw%3D%3D,"Educational-programming,c++ tutorials"
https://www.youtube.com/watch?v=NyT9vvSBoeo&pp=ygUNYyAgIHR1dG9yaWFscw%3D%3D,"Educational-programming,c++ tutorials"
https://www.youtube.com/watch?v=IGuoF98qEG0&pp=ygUNYyAgIHR1dG9yaWFscw%3D%3D,"Educational-programming,c++ tutorials"
https://www.youtube.com/watch?v=nrbBmoINqtk&pp=ygUNYyAgIHR1dG9yaWFscw%3D%3D,"Educational-programming,c++ tutorials"
https://www.youtube.com/watch?v=KnvbUiSxvbM&pp=ygUNYyAgIHR1dG9yaWFscw%3D%3D,"Educational-programming,c++ tutorials"
https://www.youtube.com/watch?v=5Bn8h6Id14U&pp=ygUNYyAgIHR1dG9yaWFscw%3D%3D,"Educational-programming,c++ tutorials"
https://www.youtube.com/watch?v=wKoGImLA2KA&pp=ygUNYyAgIHR1dG9yaWFscw%3D%3D,"Educational-programming,c++ tutorials"
https://www.youtube.com/watch?v=YXcgD8hRHYY&pp=ygUNYyAgIHR1dG9yaWFscw%3D%3D,"Educational-programming,c++ tutorials"
https://www.youtube.com/watch?v=ByYn87EK50w&pp=ygUNYyAgIHR1dG9yaWFscw%3D%3D,"Educational-programming,c++ tutorials"
https://www.youtube.com/watch?v=pDmEYRhyusU&pp=ygUNYyAgIHR1dG9yaWFscw%3D%3D,"Educational-programming,c++ tutorials"
https://www.youtube.com/watch?v=cuh-5AE0AHs&pp=ygUNYyAgIHR1dG9yaWFscw%3D%3D,"Educational-programming,c++ tutorials"
https://www.youtube.com/watch?v=TT16OTNPyEk&pp=ygUNYyAgIHR1dG9yaWFscw%3D%3D,"Educational-programming,c++ tutorials"
https://www.youtube.com/watch?v=kMbB3fqF-SU&pp=ygUNYyAgIHR1dG9yaWFscw%3D%3D,"Educational-programming,c++ tutorials"
https://www.youtube.com/watch?v=egUyaWtsQc0&pp=ygUNYyAgIHR1dG9yaWFscw%3D%3D,"Educational-programming,c++ tutorials"
https://www.youtube.com/watch?v=IFayQioG71A&pp=ygUNYyAgIHR1dG9yaWFscw%3D%3D,"Educational-programming,c++ tutorials"
https://www.youtube.com/watch?v=57WZGhqhbxg&pp=ygUNYyAgIHR1dG9yaWFscw%3D%3D,"Educational-programming,c++ tutorials"
https://www.youtube.com/watch?v=A0BBp-sKTeg&pp=ygUNYyAgIHR1dG9yaWFscw%3D%3D,"Educational-programming,c++ tutorials"
https://www.youtube.com/watch?v=GhQdlIFylQ8&pp=ygUNYyAgIHR1dG9yaWFscw%3D%3D,"Educational-programming,c++ tutorials"
https://www.youtube.com/watch?v=9xCskNFVt2c&pp=ygUNYyAgIHR1dG9yaWFscw%3D%3D,"Educational-programming,c++ tutorials"
https://www.youtube.com/watch?v=mIY3QVktHU8&pp=ygUNYyAgIHR1dG9yaWFscw%3D%3D,"Educational-programming,c++ tutorials"
https://www.youtube.com/watch?v=ExpCgbr67hE&pp=ygUNYyAgIHR1dG9yaWFscw%3D%3D,"Educational-programming,c++ tutorials"
https://www.youtube.com/watch?v=wa2AfzyOff0&pp=ygUNYyAgIHR1dG9yaWFscw%3D%3D,"Educational-programming,c++ tutorials"
https://www.youtube.com/watch?v=BHS4iA7bsDk&pp=ygUNYyAgIHR1dG9yaWFscw%3D%3D,"Educational-programming,c++ tutorials"
https://www.youtube.com/watch?v=_N6j8HXPt2U&pp=ygUNYyAgIHR1dG9yaWFscw%3D%3D,"Educational-programming,c++ tutorials"
https://www.youtube.com/watch?v=7lsqAXmBTGE&pp=ygUNYyAgIHR1dG9yaWFscw%3D%3D,"Educational-programming,c++ tutorials"
https://www.youtube.com/watch?v=PrVOM7M5nEY&pp=ygUNYyAgIHR1dG9yaWFscw%3D%3D,"Educational-programming,c++ tutorials"
https://www.youtube.com/watch?v=DOHD-8smkTs&pp=ygUNYyAgIHR1dG9yaWFscw%3D%3D,"Educational-programming,c++ tutorials"
https://www.youtube.com/watch?v=SFo205wqn8w&pp=ygUNYyAgIHR1dG9yaWFscw%3D%3D,"Educational-programming,c++ tutorials"
https://www.youtube.com/watch?v=vl794HKeXug&pp=ygUNYyAgIHR1dG9yaWFscw%3D%3D,"Educational-programming,c++ tutorials"
https://www.youtube.com/watch?v=Bz4MxDeEM6k&pp=ygUNYyAgIHR1dG9yaWFscw%3D%3D,"Educational-programming,c++ tutorials"
https://www.youtube.com/watch?v=vLnPwxZdW4Y&pp=ygUNYyAgIHR1dG9yaWFscw%3D%3D,"Educational-programming,c++ tutorials"
https://www.youtube.com/watch?v=sB7YGSbAIvQ&pp=ygUNYyAgIHR1dG9yaWFscw%3D%3D,"Educational-programming,c++ tutorials"
https://www.youtube.com/watch?v=nZnMH5x6PfQ&pp=ygUNYyAgIHR1dG9yaWFscw%3D%3D,"Educational-programming,c++ tutorials"
https://www.youtube.com/watch?v=_FOkG5D4NBo&pp=ygUNYyAgIHR1dG9yaWFscw%3D%3D,"Educational-programming,c++ tutorials"
https://www.youtube.com/watch?v=9s29LKfEFjQ&pp=ygUNYyAgIHR1dG9yaWFscw%3D%3D,"Educational-programming,c++ tutorials"
https://www.youtube.com/watch?v=4gwYkEK0gOk&pp=ygUNYyAgIHR1dG9yaWFscw%3D%3D,"Educational-programming,c++ tutorials"
https://www.youtube.com/watch?v=E68uezDkQxc&pp=ygUNYyAgIHR1dG9yaWFscw%3D%3D,"Educational-programming,c++ tutorials"
https://www.youtube.com/watch?v=GIqcZXtqh_U&pp=ygUNYyAgIHR1dG9yaWFscw%3D%3D,"Educational-programming,c++ tutorials"
https://www.youtube.com/watch?v=VSEnzzjAm0c&pp=ygUNYyAgIHR1dG9yaWFscw%3D%3D,"Educational-programming,c++ tutorials"
https://www.youtube.com/watch?v=q1ZmFc-sqNc&pp=ygUNYyAgIHR1dG9yaWFscw%3D%3D,"Educational-programming,c++ tutorials"
https://www.youtube.com/watch?v=87SH2Cn0s9A&pp=ygUNYyAgIHR1dG9yaWFscw%3D%3D,"Educational-programming,c++ tutorials"
https://www.youtube.com/watch?v=E8weUIY2-iw&pp=ygUNYyAgIHR1dG9yaWFscw%3D%3D,"Educational-programming,c++ tutorials"
https://www.youtube.com/watch?v=zuegQmMdy8M&pp=ygUNYyAgIHR1dG9yaWFscw%3D%3D,"Educational-programming,c++ tutorials"
https://www.youtube.com/watch?v=RyRo8eVsrlU&pp=ygUNYyAgIHR1dG9yaWFscw%3D%3D,"Educational-programming,c++ tutorials"
https://www.youtube.com/watch?v=KZR_UUcOyrg&pp=ygUNYyAgIHR1dG9yaWFscw%3D%3D,"Educational-programming,c++ tutorials"
https://www.youtube.com/watch?v=oTEiQx88B2U&pp=ygUNYyAgIHR1dG9yaWFscw%3D%3D,"Educational-programming,c++ tutorials"
https://www.youtube.com/watch?v=lMvFWKHhVZ0&pp=ygUNYyAgIHR1dG9yaWFscw%3D%3D,"Educational-programming,c++ tutorials"
https://www.youtube.com/watch?v=l0qvxPPISuY&pp=ygUNYyAgIHR1dG9yaWFscw%3D%3D,"Educational-programming,c++ tutorials"
https://www.youtube.com/watch?v=fmSnLiAv-zc&pp=ygUNYyAgIHR1dG9yaWFscw%3D%3D,"Educational-programming,c++ tutorials"
https://www.youtube.com/watch?v=FefABtU6SYk&pp=ygUNYyAgIHR1dG9yaWFscw%3D%3D,"Educational-programming,c++ tutorials"
https://www.youtube.com/watch?v=wMI2k951nqs&pp=ygUNYyAgIHR1dG9yaWFscw%3D%3D,"Educational-programming,c++ tutorials"
https://www.youtube.com/watch?v=JvUguXeRgyk&pp=ygUNYyAgIHR1dG9yaWFscw%3D%3D,"Educational-programming,c++ tutorials"
https://www.youtube.com/watch?v=B31LgI4Y4DQ&pp=ygUNYyAgIHR1dG9yaWFscw%3D%3D,"Educational-programming,c++ tutorials"
https://www.youtube.com/watch?v=f--fD8Y0RnA&pp=ygUNYyAgIHR1dG9yaWFscw%3D%3D,"Educational-programming,c++ tutorials"
https://www.youtube.com/watch?v=1uR4tL-OSNI&pp=ygUNYyAgIHR1dG9yaWFscw%3D%3D,"Educational-programming,c++ tutorials"
https://www.youtube.com/watch?v=E6jtj-7xJoA&pp=ygUNYyAgIHR1dG9yaWFscw%3D%3D,"Educational-programming,c++ tutorials"
https://www.youtube.com/watch?v=A_IgufxmIHk&pp=ygUNYyAgIHR1dG9yaWFscw%3D%3D,"Educational-programming,c++ tutorials"
https://www.youtube.com/watch?v=HME2SrWWSYk&pp=ygUNYyAgIHR1dG9yaWFscw%3D%3D,"Educational-programming,c++ tutorials"
https://www.youtube.com/watch?v=nXvy5900m3M&pp=ygUNYyAgIHR1dG9yaWFscw%3D%3D,"Educational-programming,c++ tutorials"
https://www.youtube.com/watch?v=2GDiXG5RfNE&pp=ygUNYyAgIHR1dG9yaWFscw%3D%3D,"Educational-programming,c++ tutorials"
https://www.youtube.com/watch?v=aS3_7riLVYk&pp=ygUNYyAgIHR1dG9yaWFscw%3D%3D,"Educational-programming,c++ tutorials"
https://www.youtube.com/watch?v=eKqY-oP1d_Y&pp=ygUNYyAgIHR1dG9yaWFscw%3D%3D,"Educational-programming,c++ tutorials"
https://www.youtube.com/watch?v=P21UHYVWcXs&pp=ygUNYyAgIHR1dG9yaWFscw%3D%3D,"Educational-programming,c++ tutorials"
https://www.youtube.com/watch?v=_FFRRMEXdBU&pp=ygUNYyAgIHR1dG9yaWFscw%3D%3D,"Educational-programming,c++ tutorials"
https://www.youtube.com/watch?v=_bQ5_RvKoVU&pp=ygUNYyAgIHR1dG9yaWFscw%3D%3D,"Educational-programming,c++ tutorials"
https://www.youtube.com/watch?v=vUsiWt7PHdQ&pp=ygUNYyAgIHR1dG9yaWFscw%3D%3D,"Educational-programming,c++ tutorials"
https://www.youtube.com/watch?v=qH7m9ik3ILs&pp=ygUNYyAgIHR1dG9yaWFscw%3D%3D,"Educational-programming,c++ tutorials"
https://www.youtube.com/watch?v=MNeX4EGtR5Y&pp=ygUNYyAgIHR1dG9yaWFscw%3D%3D,"Educational-programming,c++ tutorials"
https://www.youtube.com/watch?v=iDD6qk8Amlw&pp=ygUNYyAgIHR1dG9yaWFscw%3D%3D,"Educational-programming,c++ tutorials"
https://www.youtube.com/watch?v=8Uuhqri-Ejk&pp=ygUNYyAgIHR1dG9yaWFscw%3D%3D,"Educational-programming,c++ tutorials"
https://www.youtube.com/watch?v=_MF8L7ZxwRE&pp=ygUNYyAgIHR1dG9yaWFscw%3D%3D,"Educational-programming,c++ tutorials"
https://www.youtube.com/watch?v=sNMtjs_wQiE&pp=ygUNYyAgIHR1dG9yaWFscw%3D%3D,"Educational-programming,c++ tutorials"
https://www.youtube.com/watch?v=KJgsSFOSQv0&pp=ygUNYyAgIHR1dG9yaWFscw%3D%3D,"Educational-programming,c++ tutorials"
https://www.youtube.com/watch?v=6S5KRJv-7RU&pp=ygUNYyAgIHR1dG9yaWFscw%3D%3D,"Educational-programming,c++ tutorials"
https://www.youtube.com/watch?v=qJfP6-_P_x8&pp=ygUNYyAgIHR1dG9yaWFscw%3D%3D,"Educational-programming,c++ tutorials"
https://www.youtube.com/watch?v=jGD0vn-QIkg&pp=ygUNYyAgIHR1dG9yaWFscw%3D%3D,"Educational-programming,c++ tutorials"
https://www.youtube.com/watch?v=yrhf85_bqP0&pp=ygUNYyAgIHR1dG9yaWFscw%3D%3D,"Educational-programming,c++ tutorials"
https://www.youtube.com/watch?v=gEJBFKDkqTE&pp=ygUNYyAgIHR1dG9yaWFscw%3D%3D,"Educational-programming,c++ tutorials"
https://www.youtube.com/watch?v=i3SWaOhjPCY&pp=ygUNYyAgIHR1dG9yaWFscw%3D%3D,"Educational-programming,c++ tutorials"
https://www.youtube.com/watch?v=fz7bgZC7J8g&pp=ygUNYyAgIHR1dG9yaWFscw%3D%3D,"Educational-programming,c++ tutorials"
https://www.youtube.com/watch?v=oYuRtXcwXqw&pp=ygUNYyAgIHR1dG9yaWFscw%3D%3D,"Educational-programming,c++ tutorials"
https://www.youtube.com/watch?v=ojhbmh5SJsw&pp=ygUNYyAgIHR1dG9yaWFscw%3D%3D,"Educational-programming,c++ tutorials"
https://www.youtube.com/watch?v=xH3xMZt6Fho&pp=ygUNYyAgIHR1dG9yaWFscw%3D%3D,"Educational-programming,c++ tutorials"
https://www.youtube.com/watch?v=McojvctVsUs&pp=ygUNYyAgIHR1dG9yaWFscw%3D%3D,"Educational-programming,c++ tutorials"
https://www.youtube.com/watch?v=TxWKGhF9KdM&pp=ygUNYyAgIHR1dG9yaWFscw%3D%3D,"Educational-programming,c++ tutorials"
https://www.youtube.com/watch?v=ryOa1pm7-_8&pp=ygUNYyAgIHR1dG9yaWFscw%3D%3D,"Educational-programming,c++ tutorials"
https://www.youtube.com/watch?v=NtYHC1KNGoc&pp=ygUNYyAgIHR1dG9yaWFscw%3D%3D,"Educational-programming,c++ tutorials"
https://www.youtube.com/watch?v=IBjGjDbwxSg&pp=ygUNYyAgIHR1dG9yaWFscw%3D%3D,"Educational-programming,c++ tutorials"
https://www.youtube.com/watch?v=_bYFu9mBnr4&pp=ygUNYyAgIHR1dG9yaWFscw%3D%3D,"Educational-programming,c++ tutorials"
https://www.youtube.com/watch?v=HJx7fHNdLfM&pp=ygUNYyAgIHR1dG9yaWFscw%3D%3D,"Educational-programming,c++ tutorials"
https://www.youtube.com/watch?v=ldGF6NVzo3E&pp=ygUNYyAgIHR1dG9yaWFscw%3D%3D,"Educational-programming,c++ tutorials"
https://www.youtube.com/watch?v=n7g4keSd0kk&pp=ygUNYyAgIHR1dG9yaWFscw%3D%3D,"Educational-programming,c++ tutorials"
https://www.youtube.com/watch?v=yOyaJXpAYZQ&pp=ygUNYyAgIHR1dG9yaWFscw%3D%3D,"Educational-programming,c++ tutorials"
https://www.youtube.com/watch?v=X3X0JsshY4k&pp=ygUNYyAgIHR1dG9yaWFscw%3D%3D,"Educational-programming,c++ tutorials"
https://www.youtube.com/watch?v=eECU4xVP8AU&pp=ygUNYyAgIHR1dG9yaWFscw%3D%3D,"Educational-programming,c++ tutorials"
https://www.youtube.com/watch?v=p09i_hoFdd0&pp=ygUNYyAgIHR1dG9yaWFscw%3D%3D,"Educational-programming,c++ tutorials"
https://www.youtube.com/watch?v=AMU3xDnECsU&pp=ygUNYyAgIHR1dG9yaWFscw%3D%3D,"Educational-programming,c++ tutorials"
https://www.youtube.com/watch?v=fmyRqhaqFXA&pp=ygUNYyAgIHR1dG9yaWFscw%3D%3D,"Educational-programming,c++ tutorials"
https://www.youtube.com/watch?v=mzYEIYiO1QU&pp=ygUNYyAgIHR1dG9yaWFscw%3D%3D,"Educational-programming,c++ tutorials"
https://www.youtube.com/watch?v=stsfIQQqLCw&pp=ygUNYyAgIHR1dG9yaWFscw%3D%3D,"Educational-programming,c++ tutorials"
https://www.youtube.com/watch?v=rLf3jnHxSmU&pp=ygUNYyAgIHR1dG9yaWFscw%3D%3D,"Educational-programming,c++ tutorials"
https://www.youtube.com/watch?v=MJ2N2CjHb4U&pp=ygUNYyAgIHR1dG9yaWFscw%3D%3D,"Educational-programming,c++ tutorials"
https://www.youtube.com/watch?v=JAy56OH58Y4&pp=ygUNYyAgIHR1dG9yaWFscw%3D%3D,"Educational-programming,c++ tutorials"
https://www.youtube.com/watch?v=dhh5lrXXXYw&pp=ygUNYyAgIHR1dG9yaWFscw%3D%3D,"Educational-programming,c++ tutorials"
https://www.youtube.com/watch?v=HQNsriyMhtY&pp=ygUNYyAgIHR1dG9yaWFscw%3D%3D,"Educational-programming,c++ tutorials"
https://www.youtube.com/watch?v=7Dh73z3icd8&pp=ygUNYyAgIHR1dG9yaWFscw%3D%3D,"Educational-programming,c++ tutorials"
https://www.youtube.com/watch?v=iviYixpXUm8&pp=ygUNYyAgIHR1dG9yaWFscw%3D%3D,"Educational-programming,c++ tutorials"
https://www.youtube.com/watch?v=wgJ1OrvOWGs&pp=ygUNYyAgIHR1dG9yaWFscw%3D%3D,"Educational-programming,c++ tutorials"
https://www.youtube.com/watch?v=C4xIs9TLU1E&pp=ygUNYyAgIHR1dG9yaWFscw%3D%3D,"Educational-programming,c++ tutorials"
https://www.youtube.com/watch?v=de2Hsvxaf8M&pp=ygUNYyAgIHR1dG9yaWFscw%3D%3D,"Educational-programming,c++ tutorials"
https://www.youtube.com/watch?v=U3aXWizDbQ4&pp=ygUNYyAgIHR1dG9yaWFscw%3D%3D,"Educational-programming,c++ tutorials"
https://www.youtube.com/watch?v=Kwye58pHhxE&pp=ygUNYyAgIHR1dG9yaWFscw%3D%3D,"Educational-programming,c++ tutorials"
https://www.youtube.com/watch?v=TY_19Vnr8r0&pp=ygUNYyAgIHR1dG9yaWFscw%3D%3D,"Educational-programming,c++ tutorials"
https://www.youtube.com/watch?v=14BL_FwQCpM&pp=ygUNYyAgIHR1dG9yaWFscw%3D%3D,"Educational-programming,c++ tutorials"
https://www.youtube.com/watch?v=zJusMO3JvG4&pp=ygUNYyAgIHR1dG9yaWFscw%3D%3D,"Educational-programming,c++ tutorials"
https://www.youtube.com/watch?v=BeVQ8YmgBRQ&pp=ygUNYyAgIHR1dG9yaWFscw%3D%3D,"Educational-programming,c++ tutorials"
https://www.youtube.com/watch?v=CPjZKsUYSXg&pp=ygUNYyAgIHR1dG9yaWFscw%3D%3D,"Educational-programming,c++ tutorials"
https://www.youtube.com/watch?v=dYGgm_55Whg&pp=ygUNYyAgIHR1dG9yaWFscw%3D%3D,"Educational-programming,c++ tutorials"
https://www.youtube.com/watch?v=8LjPNYOxrVQ&pp=ygUNYyAgIHR1dG9yaWFscw%3D%3D,"Educational-programming,c++ tutorials"
https://www.youtube.com/watch?v=U_w-RfMrX18&pp=ygUNYyAgIHR1dG9yaWFscw%3D%3D,"Educational-programming,c++ tutorials"
https://www.youtube.com/watch?v=ZzaPdXTrSb8&pp=ygUNYyAgIHR1dG9yaWFscw%3D%3D,"Educational-programming,c++ tutorials"
