https://www.youtube.com/watch?v=DbILnoJZj20&pp=ygUEbWF0aA%3D%3D,"Educational,math"
https://www.youtube.com/watch?v=Mdy6A-OUxz8&pp=ygUEbWF0aA%3D%3D,"Educational,math"
https://www.youtube.com/watch?v=10ObsB229hk&pp=ygUEbWF0aA%3D%3D,"Educational,math"
https://www.youtube.com/watch?v=rx4tSn6vbA8&pp=ygUEbWF0aA%3D%3D,"Educational,math"
https://www.youtube.com/watch?v=gF4uKAITTWs&pp=ygUEbWF0aA%3D%3D,"Educational,math"
https://www.youtube.com/watch?v=17l8vGy6X7A&pp=ygUEbWF0aA%3D%3D,"Educational,math"
https://www.youtube.com/watch?v=HoC1dXN02s0&pp=ygUEbWF0aA%3D%3D,"Educational,math"
https://www.youtube.com/watch?v=Kp2bYWRQylk&pp=ygUEbWF0aA%3D%3D,"Educational,math"
https://www.youtube.com/watch?v=rvp0AqJvJTA&pp=ygUEbWF0aA%3D%3D,"Educational,math"
https://www.youtube.com/watch?v=YOlDklc49mY&pp=ygUEbWF0aA%3D%3D,"Educational,math"
https://www.youtube.com/watch?v=SE700Lc_9pE&pp=ygUEbWF0aA%3D%3D,"Educational,math"
https://www.youtube.com/watch?v=TRcmWU3n_lQ&pp=ygUEbWF0aA%3D%3D,"Educational,math"
https://www.youtube.com/watch?v=pEbjmAsrOic&pp=ygUEbWF0aA%3D%3D,"Educational,math"
https://www.youtube.com/watch?v=uONIJ5TQ2DA&pp=ygUEbWF0aA%3D%3D,"Educational,math"
https://www.youtube.com/watch?v=9hiL4VN4ULM&pp=ygUEbWF0aA%3D%3D,"Educational,math"
https://www.youtube.com/watch?v=3b656J6RVLQ&pp=ygUEbWF0aA%3D%3D,"Educational,math"
https://www.youtube.com/watch?v=szz5JEY_vgI&pp=ygUEbWF0aA%3D%3D,"Educational,math"
https://www.youtube.com/watch?v=uNXpODxd8Fw&pp=ygUEbWF0aA%3D%3D,"Educational,math"
https://www.youtube.com/watch?v=_zvGmj5_nQI&pp=ygUEbWF0aA%3D%3D,"Educational,math"
https://www.youtube.com/watch?v=40c1avDEhr4&pp=ygUEbWF0aA%3D%3D,"Educational,math"
https://www.youtube.com/watch?v=FewwV5wuwhE&pp=ygUEbWF0aA%3D%3D,"Educational,math"
https://www.youtube.com/watch?v=9S3FRENg43I&pp=ygUEbWF0aA%3D%3D,"Educational,math"
https://www.youtube.com/watch?v=ObiqJzfyACM&pp=ygUEbWF0aA%3D%3D,"Educational,math"
https://www.youtube.com/watch?v=RdzCXBgB-9s&pp=ygUEbWF0aA%3D%3D,"Educational,math"
https://www.youtube.com/watch?v=glZLHLLalv0&pp=ygUEbWF0aA%3D%3D,"Educational,math"
https://www.youtube.com/watch?v=XFDM1ip5HdU&pp=ygUEbWF0aA%3D%3D,"Educational,math"
https://www.youtube.com/watch?v=Jwa7W9kLr-A&pp=ygUEbWF0aA%3D%3D,"Educational,math"
https://www.youtube.com/watch?v=KzfWUEJjG18&pp=ygUEbWF0aA%3D%3D,"Educational,math"
https://www.youtube.com/watch?v=gJbbXxDoWyA&pp=ygUEbWF0aA%3D%3D,"Educational,math"
https://www.youtube.com/watch?v=OmJ-4B-mS-Y&pp=ygUEbWF0aA%3D%3D,"Educational,math"
https://www.youtube.com/watch?v=qM7B2nwpV1M&pp=ygUEbWF0aA%3D%3D,"Educational,math"
https://www.youtube.com/watch?v=YOyE3IfEj8w&pp=ygUEbWF0aA%3D%3D,"Educational,math"
https://www.youtube.com/watch?v=bOCHTHkBoAs&pp=ygUEbWF0aA%3D%3D,"Educational,math"
https://www.youtube.com/watch?v=nmsrfqVcidQ&pp=ygUEbWF0aA%3D%3D,"Educational,math"
https://www.youtube.com/watch?v=FQdSJwdVLuk&pp=ygUEbWF0aA%3D%3D,"Educational,math"
https://www.youtube.com/watch?v=dRj3X7IFCjY&pp=ygUEbWF0aA%3D%3D,"Educational,math"
https://www.youtube.com/watch?v=DlvY_K12Tx0&pp=ygUEbWF0aA%3D%3D,"Educational,math"
https://www.youtube.com/watch?v=fAwh8sLY8rA&pp=ygUEbWF0aA%3D%3D,"Educational,math"
https://www.youtube.com/watch?v=1SmwBwhvbFk&pp=ygUEbWF0aA%3D%3D,"Educational,math"
https://www.youtube.com/watch?v=xiz3sEyBx-g&pp=ygUEbWF0aA%3D%3D,"Educational,math"
https://www.youtube.com/watch?v=tRaq4aYPzCc&pp=ygUEbWF0aA%3D%3D,"Educational,math"
https://www.youtube.com/watch?v=3LC0aHSL_Lc&pp=ygUEbWF0aA%3D%3D,"Educational,math"
https://www.youtube.com/watch?v=TzjCQ_19AaQ&pp=ygUEbWF0aA%3D%3D,"Educational,math"
https://www.youtube.com/watch?v=QdSUN96eQKY&pp=ygUEbWF0aA%3D%3D,"Educational,math"
https://www.youtube.com/watch?v=3wEKVzoS00I&pp=ygUEbWF0aA%3D%3D,"Educational,math"
https://www.youtube.com/watch?v=XAWV2OWphK8&pp=ygUEbWF0aA%3D%3D,"Educational,math"
https://www.youtube.com/watch?v=094y1Z2wpJg&pp=ygUEbWF0aA%3D%3D,"Educational,math"
https://www.youtube.com/watch?v=beJoMRWkzNM&pp=ygUEbWF0aA%3D%3D,"Educational,math"
https://www.youtube.com/watch?v=r4t8VHVgu5Q&pp=ygUEbWF0aA%3D%3D,"Educational,math"
https://www.youtube.com/watch?v=Erk2k1xbgGo&pp=ygUEbWF0aA%3D%3D,"Educational,math"
https://www.youtube.com/watch?v=QU-XUmujbuM&pp=ygUEbWF0aA%3D%3D,"Educational,math"
https://www.youtube.com/watch?v=eNJoht-Ce3Q&pp=ygUEbWF0aA%3D%3D,"Educational,math"
https://www.youtube.com/watch?v=-Um7bov8ixc&pp=ygUEbWF0aA%3D%3D,"Educational,math"
https://www.youtube.com/watch?v=Y6e4VL7GxDA&pp=ygUEbWF0aA%3D%3D,"Educational,math"
https://www.youtube.com/watch?v=HeQX2HjkcNo&pp=ygUEbWF0aA%3D%3D,"Educational,math"
https://www.youtube.com/watch?v=cuoJWUjwue4&pp=ygUEbWF0aA%3D%3D,"Educational,math"
https://www.youtube.com/watch?v=h-CC6jDDahQ&pp=ygUEbWF0aA%3D%3D,"Educational,math"
https://www.youtube.com/watch?v=L8qDbm6ozgc&pp=ygUEbWF0aA%3D%3D,"Educational,math"
https://www.youtube.com/watch?v=ITOXb8K74is&pp=ygUEbWF0aA%3D%3D,"Educational,math"
https://www.youtube.com/watch?v=362JVVvgYPE&pp=ygUEbWF0aA%3D%3D,"Educational,math"
https://www.youtube.com/watch?v=PCy77upPiw0&pp=ygUEbWF0aA%3D%3D,"Educational,math"
https://www.youtube.com/watch?v=GYRBp9Ezxhs&pp=ygUEbWF0aA%3D%3D,"Educational,math"
https://www.youtube.com/watch?v=tNQsaLAXVtY&pp=ygUEbWF0aA%3D%3D,"Educational,math"
https://www.youtube.com/watch?v=fQkrY5hs7Q4&pp=ygUEbWF0aA%3D%3D,"Educational,math"
https://www.youtube.com/watch?v=vlYWwA7l-HA&pp=ygUEbWF0aA%3D%3D,"Educational,math"
https://www.youtube.com/watch?v=42uZrrwTcaE&pp=ygUEbWF0aA%3D%3D,"Educational,math"
https://www.youtube.com/watch?v=ZQElzjCsl9o&pp=ygUEbWF0aA%3D%3D,"Educational,math"
https://www.youtube.com/watch?v=uP5XysD7Ygg&pp=ygUEbWF0aA%3D%3D,"Educational,math"
https://www.youtube.com/watch?v=rGMecZ_aERo&pp=ygUEbWF0aA%3D%3D,"Educational,math"
https://www.youtube.com/watch?v=lHj2Cmf2P3A&pp=ygUEbWF0aA%3D%3D,"Educational,math"
https://www.youtube.com/watch?v=fb_v5Bc8PSk&pp=ygUEbWF0aA%3D%3D,"Educational,math"
https://www.youtube.com/watch?v=3sVFfEbL3ss&pp=ygUEbWF0aA%3D%3D,"Educational,math"
https://www.youtube.com/watch?v=1z6M01pHmJM&pp=ygUEbWF0aA%3D%3D,"Educational,math"
https://www.youtube.com/watch?v=FJAssUujLTc&pp=ygUEbWF0aA%3D%3D,"Educational,math"
https://www.youtube.com/watch?v=0jHz0onTdsc&pp=ygUEbWF0aA%3D%3D,"Educational,math"
https://www.youtube.com/watch?v=RQ2nYUBVvqI&pp=ygUEbWF0aA%3D%3D,"Educational,math"
https://www.youtube.com/watch?v=xJcFDl4W5Kc&pp=ygUEbWF0aA%3D%3D,"Educational,math"
https://www.youtube.com/watch?v=DiY2qYAkp-0&pp=ygUEbWF0aA%3D%3D,"Educational,math"
https://www.youtube.com/watch?v=EPe86sveyRY&pp=ygUEbWF0aA%3D%3D,"Educational,math"
https://www.youtube.com/watch?v=YPHhkduqcb0&pp=ygUEbWF0aA%3D%3D,"Educational,math"
https://www.youtube.com/watch?v=krtf-v19TJg&pp=ygUEbWF0aA%3D%3D,"Educational,math"
https://www.youtube.com/watch?v=nx77QkVdACU&pp=ygUEbWF0aA%3D%3D,"Educational,math"
https://www.youtube.com/watch?v=24rZwis4npw&pp=ygUEbWF0aA%3D%3D,"Educational,math"
https://www.youtube.com/watch?v=3uzTABTaX5k&pp=ygUEbWF0aA%3D%3D,"Educational,math"
https://www.youtube.com/watch?v=1O3R-1DXZuc&pp=ygUEbWF0aA%3D%3D,"Educational,math"
https://www.youtube.com/watch?v=Q2aLK1i5asQ&pp=ygUEbWF0aA%3D%3D,"Educational,math"
https://www.youtube.com/watch?v=DGKwdHMiqCg&pp=ygUEbWF0aA%3D%3D,"Educational,math"
https://www.youtube.com/watch?v=b0UxoRhaMGY&pp=ygUEbWF0aA%3D%3D,"Educational,math"
https://www.youtube.com/watch?v=p6HCWpFZMJo&pp=ygUEbWF0aA%3D%3D,"Educational,math"
https://www.youtube.com/watch?v=ZNfosdAWk3k&pp=ygUEbWF0aA%3D%3D,"Educational,math"
https://www.youtube.com/watch?v=1kQXnA445OY&pp=ygUEbWF0aA%3D%3D,"Educational,math"
https://www.youtube.com/watch?v=Mfggw8TBEyo&pp=ygUEbWF0aA%3D%3D,"Educational,math"
https://www.youtube.com/watch?v=fpwhFFRAmOE&pp=ygUEbWF0aA%3D%3D,"Educational,math"
https://www.youtube.com/watch?v=8_g4bpeOLVk&pp=ygUEbWF0aA%3D%3D,"Educational,math"
https://www.youtube.com/watch?v=kvAqkuxHcPg&pp=ygUEbWF0aA%3D%3D,"Educational,math"
https://www.youtube.com/watch?v=JeVSmq1Nrpw&pp=ygUEbWF0aA%3D%3D,"Educational,math"
https://www.youtube.com/watch?v=R-NcGI6K5Ho&pp=ygUEbWF0aA%3D%3D,"Educational,math"
https://www.youtube.com/watch?v=NOCsdhzo6Jg&pp=ygUEbWF0aA%3D%3D,"Educational,math"
https://www.youtube.com/watch?v=r5P-f5arPXE&pp=ygUEbWF0aA%3D%3D,"Educational,math"
https://www.youtube.com/watch?v=ywZ8483_8l0&pp=ygUEbWF0aA%3D%3D,"Educational,math"
https://www.youtube.com/watch?v=yckPYJgjXeY&pp=ygUEbWF0aA%3D%3D,"Educational,math"
https://www.youtube.com/watch?v=1yFOe4lbvKM&pp=ygUEbWF0aA%3D%3D,"Educational,math"
https://www.youtube.com/watch?v=j4SqH1I9KVM&pp=ygUEbWF0aA%3D%3D,"Educational,math"
https://www.youtube.com/watch?v=lutAxQrIDKI&pp=ygUEbWF0aA%3D%3D,"Educational,math"
https://www.youtube.com/watch?v=hrUxGatRvR0&pp=ygUEbWF0aA%3D%3D,"Educational,math"
https://www.youtube.com/watch?v=QEidB45W610&pp=ygUEbWF0aA%3D%3D,"Educational,math"
https://www.youtube.com/watch?v=_JTjO9imnDo&pp=ygUEbWF0aA%3D%3D,"Educational,math"
https://www.youtube.com/watch?v=4UAt71jwNQY&pp=ygUEbWF0aA%3D%3D,"Educational,math"
https://www.youtube.com/watch?v=3dx02_rmuIA&pp=ygUEbWF0aA%3D%3D,"Educational,math"
https://www.youtube.com/watch?v=0iwilYlQIdk&pp=ygUEbWF0aA%3D%3D,"Educational,math"
https://www.youtube.com/watch?v=zIMFARqs3j8&pp=ygUEbWF0aA%3D%3D,"Educational,math"
https://www.youtube.com/watch?v=Na2v2ft-vvQ&pp=ygUEbWF0aA%3D%3D,"Educational,math"
https://www.youtube.com/watch?v=tbqU9APUuYI&pp=ygUEbWF0aA%3D%3D,"Educational,math"
https://www.youtube.com/watch?v=GL28FDARts0&pp=ygUEbWF0aA%3D%3D,"Educational,math"
https://www.youtube.com/watch?v=S8uheIt9Iec&pp=ygUEbWF0aA%3D%3D,"Educational,math"
https://www.youtube.com/watch?v=B1J6Ou4q8vE&pp=ygUEbWF0aA%3D%3D,"Educational,math"
https://www.youtube.com/watch?v=SEAKuerLbsk&pp=ygUEbWF0aA%3D%3D,"Educational,math"
https://www.youtube.com/watch?v=06cCHBlj2sw&pp=ygUEbWF0aA%3D%3D,"Educational,math"
https://www.youtube.com/watch?v=RJOyzfjUyx4&pp=ygUEbWF0aA%3D%3D,"Educational,math"
https://www.youtube.com/watch?v=rDds1_V6ZaM&pp=ygUEbWF0aA%3D%3D,"Educational,math"
https://www.youtube.com/watch?v=qriprNmTJ2I&pp=ygUEbWF0aA%3D%3D,"Educational,math"
https://www.youtube.com/watch?v=85IWWaMpXc8&pp=ygUEbWF0aA%3D%3D,"Educational,math"
https://www.youtube.com/watch?v=hmBI8JNzPTk&pp=ygUEbWF0aA%3D%3D,"Educational,math"
https://www.youtube.com/watch?v=xMg-EZeL4KM&pp=ygUEbWF0aA%3D%3D,"Educational,math"
https://www.youtube.com/watch?v=sZLFpoeLYks&pp=ygUEbWF0aA%3D%3D,"Educational,math"
https://www.youtube.com/watch?v=mWxKtgcQkfc&pp=ygUEbWF0aA%3D%3D,"Educational,math"
https://www.youtube.com/watch?v=eYLJgqItycw&pp=ygUEbWF0aA%3D%3D,"Educational,math"
https://www.youtube.com/watch?v=SNOM4V_Xfes&pp=ygUEbWF0aA%3D%3D,"Educational,math"
https://www.youtube.com/watch?v=lCOlS_qn8RQ&pp=ygUEbWF0aA%3D%3D,"Educational,math"
https://www.youtube.com/watch?v=8cR_1Qi-tP4&pp=ygUEbWF0aA%3D%3D,"Educational,math"
https://www.youtube.com/watch?v=JySWJwDmRHc&pp=ygUEbWF0aA%3D%3D,"Educational,math"
https://www.youtube.com/watch?v=DynaLyMWfGc&pp=ygUEbWF0aA%3D%3D,"Educational,math"
https://www.youtube.com/watch?v=eXUGtuq1k1o&pp=ygUEbWF0aA%3D%3D,"Educational,math"
https://www.youtube.com/watch?v=3TGo9xSFUDA&pp=ygUEbWF0aA%3D%3D,"Educational,math"
https://www.youtube.com/watch?v=eYhiakLblsQ&pp=ygUEbWF0aA%3D%3D,"Educational,math"
https://www.youtube.com/watch?v=Ys_QQJjHr8s&pp=ygUEbWF0aA%3D%3D,"Educational,math"
https://www.youtube.com/watch?v=PX3A7GLtFqM&pp=ygUEbWF0aA%3D%3D,"Educational,math"
https://www.youtube.com/watch?v=eVm063xmnow&pp=ygUEbWF0aA%3D%3D,"Educational,math"
https://www.youtube.com/watch?v=ciFWshTFTcM&pp=ygUEbWF0aA%3D%3D,"Educational,math"
https://www.youtube.com/watch?v=8pr6YvvEOlE&pp=ygUEbWF0aA%3D%3D,"Educational,math"
https://www.youtube.com/watch?v=_Am2dWHEpow&pp=ygUEbWF0aA%3D%3D,"Educational,math"
https://www.youtube.com/watch?v=9eoe_5zI0cU&pp=ygUEbWF0aA%3D%3D,"Educational,math"
https://www.youtube.com/watch?v=tVHOBVAFjUw&pp=ygUEbWF0aA%3D%3D,"Educational,math"
https://www.youtube.com/watch?v=SpmWUSEk-8o&pp=ygUEbWF0aA%3D%3D,"Educational,math"
https://www.youtube.com/watch?v=slfKFLm7XCU&pp=ygUEbWF0aA%3D%3D,"Educational,math"
https://www.youtube.com/watch?v=2iToueDar1I&pp=ygUEbWF0aA%3D%3D,"Educational,math"
https://www.youtube.com/watch?v=HdU_rf7eMTI&pp=ygUEbWF0aA%3D%3D,"Educational,math"
https://www.youtube.com/watch?v=T5Qf0qSSJFI&pp=ygUEbWF0aA%3D%3D,"Educational,math"
https://www.youtube.com/watch?v=aCYQdYJVLTQ&pp=ygUEbWF0aA%3D%3D,"Educational,math"
https://www.youtube.com/watch?v=KFrxlZmvIPs&pp=ygUEbWF0aA%3D%3D,"Educational,math"
https://www.youtube.com/watch?v=7J1OkxuyLD0&pp=ygUEbWF0aA%3D%3D,"Educational,math"
https://www.youtube.com/watch?v=w0VhEsFys9E&pp=ygUEbWF0aA%3D%3D,"Educational,math"
https://www.youtube.com/watch?v=Nmgl78a02ys&pp=ygUEbWF0aA%3D%3D,"Educational,math"
https://www.youtube.com/watch?v=hXnrSlIXFTI&pp=ygUEbWF0aA%3D%3D,"Educational,math"
https://www.youtube.com/watch?v=mU9CrwyxxvI&pp=ygUEbWF0aA%3D%3D,"Educational,math"
https://www.youtube.com/watch?v=Wn9t3jJVpTQ&pp=ygUEbWF0aA%3D%3D,"Educational,math"
https://www.youtube.com/watch?v=gdSiPcog5qA&pp=ygUEbWF0aA%3D%3D,"Educational,math"
https://www.youtube.com/watch?v=Ro-ljWF8EgU&pp=ygUEbWF0aA%3D%3D,"Educational,math"
https://www.youtube.com/watch?v=SDmMnUln9uE&pp=ygUEbWF0aA%3D%3D,"Educational,math"
https://www.youtube.com/watch?v=LUAYz-jhebI&pp=ygUEbWF0aA%3D%3D,"Educational,math"
https://www.youtube.com/watch?v=JOZSFwuyqok&pp=ygUEbWF0aA%3D%3D,"Educational,math"
https://www.youtube.com/watch?v=-FkSSI65tq4&pp=ygUEbWF0aA%3D%3D,"Educational,math"
https://www.youtube.com/watch?v=Oxlymt5u_Fk&pp=ygUEbWF0aA%3D%3D,"Educational,math"
https://www.youtube.com/watch?v=mRjKu4QwrE4&pp=ygUEbWF0aA%3D%3D,"Educational,math"
https://www.youtube.com/watch?v=Jcqzve1WDRk&pp=ygUEbWF0aA%3D%3D,"Educational,math"
https://www.youtube.com/watch?v=eKK0WN0cdi4&pp=ygUEbWF0aA%3D%3D,"Educational,math"
https://www.youtube.com/watch?v=aIFaT_2-rek&pp=ygUEbWF0aA%3D%3D,"Educational,math"
https://www.youtube.com/watch?v=HqRtE7rd7RM&pp=ygUEbWF0aA%3D%3D,"Educational,math"
https://www.youtube.com/watch?v=ggH4EfCC-r0&pp=ygUEbWF0aA%3D%3D,"Educational,math"
https://www.youtube.com/watch?v=XmjT-8mhRMI&pp=ygUEbWF0aA%3D%3D,"Educational,math"
https://www.youtube.com/watch?v=5sVe4m2lc0A&pp=ygUEbWF0aA%3D%3D,"Educational,math"
https://www.youtube.com/watch?v=ppQGfkWIjGs&pp=ygUEbWF0aA%3D%3D,"Educational,math"
https://www.youtube.com/watch?v=5hdS-r4OHOw&pp=ygUEbWF0aA%3D%3D,"Educational,math"
https://www.youtube.com/watch?v=hX6meNKj4O0&pp=ygUEbWF0aA%3D%3D,"Educational,math"
https://www.youtube.com/watch?v=td7Nz9ATyWY&pp=ygUEbWF0aA%3D%3D,"Educational,math"
https://www.youtube.com/watch?v=mTZGbIp1gHE&pp=ygUEbWF0aA%3D%3D,"Educational,math"
https://www.youtube.com/watch?v=s-y73MqcvjY&pp=ygUEbWF0aA%3D%3D,"Educational,math"
https://www.youtube.com/watch?v=n0FZhQ_GkKw&pp=ygUEbWF0aA%3D%3D,"Educational,math"
https://www.youtube.com/watch?v=iLXNBiGJAGs&pp=ygUEbWF0aA%3D%3D,"Educational,math"
https://www.youtube.com/watch?v=igcoDFokKzU&pp=ygUEbWF0aA%3D%3D,"Educational,math"
https://www.youtube.com/watch?v=qJwecTgce6c&pp=ygUEbWF0aA%3D%3D,"Educational,math"
https://www.youtube.com/watch?v=1mhZkEoavH4&pp=ygUEbWF0aA%3D%3D,"Educational,math"
https://www.youtube.com/watch?v=0XDjSrkxaNw&pp=ygUEbWF0aA%3D%3D,"Educational,math"
https://www.youtube.com/watch?v=iJCDFdEwBjM&pp=ygUEbWF0aA%3D%3D,"Educational,math"
https://www.youtube.com/watch?v=qmfXyR7Z6Lk&pp=ygUEbWF0aA%3D%3D,"Educational,math"
https://www.youtube.com/watch?v=kyzZIlDtZQk&pp=ygUEbWF0aA%3D%3D,"Educational,math"
https://www.youtube.com/watch?v=pefx0FPuLls&pp=ygUEbWF0aA%3D%3D,"Educational,math"
https://www.youtube.com/watch?v=tosA9Puf9sM&pp=ygUEbWF0aA%3D%3D,"Educational,math"
https://www.youtube.com/watch?v=TMubSggUOVE&pp=ygUEbWF0aA%3D%3D,"Educational,math"
https://www.youtube.com/watch?v=OCM0PVci1MA&pp=ygUEbWF0aA%3D%3D,"Educational,math"
https://www.youtube.com/watch?v=Ft2H2t197NU&pp=ygUEbWF0aA%3D%3D,"Educational,math"
https://www.youtube.com/watch?v=meVBtj6AAzU&pp=ygUEbWF0aA%3D%3D,"Educational,math"
https://www.youtube.com/watch?v=tAyBzKjtwMI&pp=ygUEbWF0aA%3D%3D,"Educational,math"
https://www.youtube.com/watch?v=6r3Eqtl3nDM&pp=ygUEbWF0aA%3D%3D,"Educational,math"
https://www.youtube.com/watch?v=WcgV9qWE7qU&pp=ygUEbWF0aA%3D%3D,"Educational,math"
https://www.youtube.com/watch?v=RVYwunbpMHA&pp=ygUEbWF0aA%3D%3D,"Educational,math"
https://www.youtube.com/watch?v=Y6M89-6106I&pp=ygUEbWF0aA%3D%3D,"Educational,math"
https://www.youtube.com/watch?v=uHfcZZtmPIw&pp=ygUEbWF0aA%3D%3D,"Educational,math"
