https://www.youtube.com/watch?v=y1y1ATTMpaw&pp=ygUKc3RhdGlzdGljcw%3D%3D,"Educational,statistics"
https://www.youtube.com/watch?v=B1HEzNTGeZ4&pp=ygUKc3RhdGlzdGljcw%3D%3D,"Educational,statistics"
https://www.youtube.com/watch?v=TZmFcHmmv1k&pp=ygUKc3RhdGlzdGljcw%3D%3D,"Educational,statistics"
https://www.youtube.com/watch?v=hMaWsrSRhFE&pp=ygUKc3RhdGlzdGljcw%3D%3D,"Educational,statistics"
https://www.youtube.com/watch?v=6iE9-K2Qms0&pp=ygUKc3RhdGlzdGljcw%3D%3D,"Educational,statistics"
https://www.youtube.com/watch?v=qUEgB9EQJ-I&pp=ygUKc3RhdGlzdGljcw%3D%3D,"Educational,statistics"
https://www.youtube.com/watch?v=6mmmCgDJPYs&pp=ygUKc3RhdGlzdGljcw%3D%3D,"Educational,statistics"
https://www.youtube.com/watch?v=I10q6fjPxJ0&pp=ygUKc3RhdGlzdGljcw%3D%3D,"Educational,statistics"
https://www.youtube.com/watch?v=GCKFYUSr_K8&pp=ygUKc3RhdGlzdGljcw%3D%3D,"Educational,statistics"
https://www.youtube.com/watch?v=FTcLwQgtK48&pp=ygUKc3RhdGlzdGljcw%3D%3D,"Educational,statistics"
https://www.youtube.com/watch?v=HOQlcTl47AU&pp=ygUKc3RhdGlzdGljcw%3D%3D,"Educational,statistics"
https://www.youtube.com/watch?v=ME8UKn4RgSI&pp=ygUKc3RhdGlzdGljcw%3D%3D,"Educational,statistics"
https://www.youtube.com/watch?v=PPKWYM_vR60&pp=ygUKc3RhdGlzdGljcw%3D%3D,"Educational,statistics"
https://www.youtube.com/watch?v=d2Tm3Yx4HWI&pp=ygUKc3RhdGlzdGljcw%3D%3D,"Educational,statistics"
https://www.youtube.com/watch?v=y5PngiRnIlI&pp=ygUKc3RhdGlzdGljcw%3D%3D,"Educational,statistics"
https://www.youtube.com/watch?v=innk6tpRCW0&pp=ygUKc3RhdGlzdGljcw%3D%3D,"Educational,statistics"
https://www.youtube.com/watch?v=qbJd6OjjVp8&pp=ygUKc3RhdGlzdGljcw%3D%3D,"Educational,statistics"
https://www.youtube.com/watch?v=_dn3yUfNZKU&pp=ygUKc3RhdGlzdGljcw%3D%3D,"Educational,statistics"
https://www.youtube.com/watch?v=qmWwvQR0mj8&pp=ygUKc3RhdGlzdGljcw%3D%3D,"Educational,statistics"
https://www.youtube.com/watch?v=cFYwJhUcPRM&pp=ygUKc3RhdGlzdGljcw%3D%3D,"Educational,statistics"
https://www.youtube.com/watch?v=0VDafmUys04&pp=ygUKc3RhdGlzdGljcw%3D%3D,"Educational,statistics"
https://www.youtube.com/watch?v=amKQQXtkU0w&pp=ygUKc3RhdGlzdGljcw%3D%3D,"Educational,statistics"
https://www.youtube.com/watch?v=A1mQ9kD-i9I&pp=ygUKc3RhdGlzdGljcw%3D%3D,"Educational,statistics"
https://www.youtube.com/watch?v=gkXfPm6PG0I&pp=ygUKc3RhdGlzdGljcw%3D%3D,"Educational,statistics"
https://www.youtube.com/watch?v=jakEH2D_O2E&pp=ygUKc3RhdGlzdGljcw%3D%3D,"Educational,statistics"
https://www.youtube.com/watch?v=L_79WshXIak&pp=ygUKc3RhdGlzdGljcw%3D%3D,"Educational,statistics"
https://www.youtube.com/watch?v=Ldf6DVMUIvA&pp=ygUKc3RhdGlzdGljcw%3D%3D,"Educational,statistics"
https://www.youtube.com/watch?v=WWqE7YHR4Jc&pp=ygUKc3RhdGlzdGljcw%3D%3D,"Educational,statistics"
https://www.youtube.com/watch?v=zunpKFudwkY&pp=ygUKc3RhdGlzdGljcw%3D%3D,"Educational,statistics"
https://www.youtube.com/watch?v=Om7u5T-Q4Ig&pp=ygUKc3RhdGlzdGljcw%3D%3D,"Educational,statistics"
https://www.youtube.com/watch?v=pYRG5X7110M&pp=ygUKc3RhdGlzdGljcw%3D%3D,"Educational,statistics"
https://www.youtube.com/watch?v=C58R8GoTqhk&pp=ygUKc3RhdGlzdGljcw%3D%3D,"Educational,statistics"
https://www.youtube.com/watch?v=h6Nh7E6oLK8&pp=ygUKc3RhdGlzdGljcw%3D%3D,"Educational,statistics"
https://www.youtube.com/watch?v=zhiL15UFuEw&pp=ygUKc3RhdGlzdGljcw%3D%3D,"Educational,statistics"
https://www.youtube.com/watch?v=sxQaBpKfDRk&pp=ygUKc3RhdGlzdGljcw%3D%3D,"Educational,statistics"
https://www.youtube.com/watch?v=x6Pnf57wRAs&pp=ygUKc3RhdGlzdGljcw%3D%3D,"Educational,statistics"
https://www.youtube.com/watch?v=Ims3L_hfLJU&pp=ygUKc3RhdGlzdGljcw%3D%3D,"Educational,statistics"
https://www.youtube.com/watch?v=rzFX5NWojp0&pp=ygUKc3RhdGlzdGljcw%3D%3D,"Educational,statistics"
https://www.youtube.com/watch?v=AdoWeMbGiIo&pp=ygUKc3RhdGlzdGljcw%3D%3D,"Educational,statistics"
https://www.youtube.com/watch?v=NNK3IBHh_GY&pp=ygUKc3RhdGlzdGljcw%3D%3D,"Educational,statistics"
https://www.youtube.com/watch?v=QHcbiokBrME&pp=ygUKc3RhdGlzdGljcw%3D%3D,"Educational,statistics"
https://www.youtube.com/watch?v=V3iEsLPAD68&pp=ygUKc3RhdGlzdGljcw%3D%3D,"Educational,statistics"
https://www.youtube.com/watch?v=OsaSuauTtyw&pp=ygUKc3RhdGlzdGljcw%3D%3D,"Educational,statistics"
https://www.youtube.com/watch?v=z9TdIielMpw&pp=ygUKc3RhdGlzdGljcw%3D%3D,"Educational,statistics"
https://www.youtube.com/watch?v=txNvZ3Zndak&pp=ygUKc3RhdGlzdGljcw%3D%3D,"Educational,statistics"
https://www.youtube.com/watch?v=WwvVuP96Xjc&pp=ygUKc3RhdGlzdGljcw%3D%3D,"Educational,statistics"
https://www.youtube.com/watch?v=bVArW4MItG4&pp=ygUKc3RhdGlzdGljcw%3D%3D,"Educational,statistics"
https://www.youtube.com/watch?v=1LfxdXRp7uc&pp=ygUKc3RhdGlzdGljcw%3D%3D,"Educational,statistics"
https://www.youtube.com/watch?v=HZGCoVF3YvM&pp=ygUKc3RhdGlzdGljcw%3D%3D,"Educational,statistics"
https://www.youtube.com/watch?v=v0ALj6GyKvU&pp=ygUKc3RhdGlzdGljcw%3D%3D,"Educational,statistics"
https://www.youtube.com/watch?v=83vR9omSahs&pp=ygUKc3RhdGlzdGljcw%3D%3D,"Educational,statistics"
https://www.youtube.com/watch?v=zv1pxTs6ua4&pp=ygUKc3RhdGlzdGljcw%3D%3D,"Educational,statistics"
https://www.youtube.com/watch?v=p1NpGC8K-vs&pp=ygUKc3RhdGlzdGljcw%3D%3D,"Educational,statistics"
https://www.youtube.com/watch?v=xxpc-HPKN28&pp=ygUKc3RhdGlzdGljcw%3D%3D,"Educational,statistics"
https://www.youtube.com/watch?v=KS6KEWaoOOE&pp=ygUKc3RhdGlzdGljcw%3D%3D,"Educational,statistics"
https://www.youtube.com/watch?v=xi8VjMmWdgI&pp=ygUKc3RhdGlzdGljcw%3D%3D,"Educational,statistics"
https://www.youtube.com/watch?v=owpvXFFRQ64&pp=ygUKc3RhdGlzdGljcw%3D%3D,"Educational,statistics"
https://www.youtube.com/watch?v=NxPQzrnXalk&pp=ygUKc3RhdGlzdGljcw%3D%3D,"Educational,statistics"
https://www.youtube.com/watch?v=Vtvj6fPZ1Ww&pp=ygUKc3RhdGlzdGljcw%3D%3D,"Educational,statistics"
https://www.youtube.com/watch?v=zjHfAhcU6kE&pp=ygUKc3RhdGlzdGljcw%3D%3D,"Educational,statistics"
https://www.youtube.com/watch?v=2GV_ouHBw30&pp=ygUKc3RhdGlzdGljcw%3D%3D,"Educational,statistics"
https://www.youtube.com/watch?v=xCF7r4XY024&pp=ygUKc3RhdGlzdGljcw%3D%3D,"Educational,statistics"
https://www.youtube.com/watch?v=rHBgYfLZV4M&pp=ygUKc3RhdGlzdGljcw%3D%3D,"Educational,statistics"
https://www.youtube.com/watch?v=1tSqSMOyNFE&pp=ygUKc3RhdGlzdGljcw%3D%3D,"Educational,statistics"
https://www.youtube.com/watch?v=arg4UTQSTZA&pp=ygUKc3RhdGlzdGljcw%3D%3D,"Educational,statistics"
https://www.youtube.com/watch?v=MXaJ7sa7q-8&pp=ygUKc3RhdGlzdGljcw%3D%3D,"Educational,statistics"
https://www.youtube.com/watch?v=kVVNHOfG1RI&pp=ygUKc3RhdGlzdGljcw%3D%3D,"Educational,statistics"
https://www.youtube.com/watch?v=BWbgiJz0_TA&pp=ygUKc3RhdGlzdGljcw%3D%3D,"Educational,statistics"
https://www.youtube.com/watch?v=yYqTTQlCpZ4&pp=ygUKc3RhdGlzdGljcw%3D%3D,"Educational,statistics"
https://www.youtube.com/watch?v=Ge9je05uYJ0&pp=ygUKc3RhdGlzdGljcw%3D%3D,"Educational,statistics"
https://www.youtube.com/watch?v=82ZSDRMqcfU&pp=ygUKc3RhdGlzdGljcw%3D%3D,"Educational,statistics"
https://www.youtube.com/watch?v=fi2LUIIuCak&pp=ygUKc3RhdGlzdGljcw%3D%3D,"Educational,statistics"
https://www.youtube.com/watch?v=LMSyiAJm99g&pp=ygUKc3RhdGlzdGljcw%3D%3D,"Educational,statistics"
https://www.youtube.com/watch?v=eYTumjgE2IY&pp=ygUKc3RhdGlzdGljcw%3D%3D,"Educational,statistics"
https://www.youtube.com/watch?v=BvWefB4NGGI&pp=ygUKc3RhdGlzdGljcw%3D%3D,"Educational,statistics"
https://www.youtube.com/watch?v=O5W49DA3bB0&pp=ygUKc3RhdGlzdGljcw%3D%3D,"Educational,statistics"
https://www.youtube.com/watch?v=fsLOm-hkH70&pp=ygUKc3RhdGlzdGljcw%3D%3D,"Educational,statistics"
https://www.youtube.com/watch?v=mMVjrYbSpVo&pp=ygUKc3RhdGlzdGljcw%3D%3D,"Educational,statistics"
https://www.youtube.com/watch?v=zDXC8p9lda8&pp=ygUKc3RhdGlzdGljcw%3D%3D,"Educational,statistics"
https://www.youtube.com/watch?v=xC-c7E5PK0Y&pp=ygUKc3RhdGlzdGljcw%3D%3D,"Educational,statistics"
https://www.youtube.com/watch?v=2tuBREK_mgE&pp=ygUKc3RhdGlzdGljcw%3D%3D,"Educational,statistics"
https://www.youtube.com/watch?v=p9F6GeBL31s&pp=ygUKc3RhdGlzdGljcw%3D%3D,"Educational,statistics"
https://www.youtube.com/watch?v=C_W1adH-NVE&pp=ygUKc3RhdGlzdGljcw%3D%3D,"Educational,statistics"
https://www.youtube.com/watch?v=p4Lp4p8mEv0&pp=ygUKc3RhdGlzdGljcw%3D%3D,"Educational,statistics"
https://www.youtube.com/watch?v=p1j_fV-dLWY&pp=ygUKc3RhdGlzdGljcw%3D%3D,"Educational,statistics"
https://www.youtube.com/watch?v=hZxnzfnt5v8&pp=ygUKc3RhdGlzdGljcw%3D%3D,"Educational,statistics"
https://www.youtube.com/watch?v=Uv3Blie7F3g&pp=ygUKc3RhdGlzdGljcw%3D%3D,"Educational,statistics"
https://www.youtube.com/watch?v=fpgKtr9dIb4&pp=ygUKc3RhdGlzdGljcw%3D%3D,"Educational,statistics"
https://www.youtube.com/watch?v=5ZAJzIIwz5s&pp=ygUKc3RhdGlzdGljcw%3D%3D,"Educational,statistics"
https://www.youtube.com/watch?v=cl4H2fZleIQ&pp=ygUKc3RhdGlzdGljcw%3D%3D,"Educational,statistics"
https://www.youtube.com/watch?v=mlhWkiGVw4M&pp=ygUKc3RhdGlzdGljcw%3D%3D,"Educational,statistics"
https://www.youtube.com/watch?v=yNYflGw6kJI&pp=ygUKc3RhdGlzdGljcw%3D%3D,"Educational,statistics"
https://www.youtube.com/watch?v=CYBf82XXKMw&pp=ygUKc3RhdGlzdGljcw%3D%3D,"Educational,statistics"
https://www.youtube.com/watch?v=XPxSshuYyao&pp=ygUKc3RhdGlzdGljcw%3D%3D,"Educational,statistics"
https://www.youtube.com/watch?v=JO9YxPq6T7k&pp=ygUKc3RhdGlzdGljcw%3D%3D,"Educational,statistics"
https://www.youtube.com/watch?v=uzkc-qNVoOk&pp=ygUKc3RhdGlzdGljcw%3D%3D,"Educational,statistics"
https://www.youtube.com/watch?v=6uqFupGMvA8&pp=ygUKc3RhdGlzdGljcw%3D%3D,"Educational,statistics"
https://www.youtube.com/watch?v=8jjAVxsaip0&pp=ygUKc3RhdGlzdGljcw%3D%3D,"Educational,statistics"
https://www.youtube.com/watch?v=pi1TvbrmiyY&pp=ygUKc3RhdGlzdGljcw%3D%3D,"Educational,statistics"
https://www.youtube.com/watch?v=V2A2iQozaCg&pp=ygUKc3RhdGlzdGljcw%3D%3D,"Educational,statistics"
https://www.youtube.com/watch?v=VK-rnA3-41c&pp=ygUKc3RhdGlzdGljcw%3D%3D,"Educational,statistics"
https://www.youtube.com/watch?v=ooLgm9xo2Ho&pp=ygUKc3RhdGlzdGljcw%3D%3D,"Educational,statistics"
https://www.youtube.com/watch?v=DFKdZ7SY6Zc&pp=ygUKc3RhdGlzdGljcw%3D%3D,"Educational,statistics"
https://www.youtube.com/watch?v=1M6KDrFAYFE&pp=ygUKc3RhdGlzdGljcw%3D%3D,"Educational,statistics"
https://www.youtube.com/watch?v=L45X3o0n0Bk&pp=ygUKc3RhdGlzdGljcw%3D%3D,"Educational,statistics"
https://www.youtube.com/watch?v=Urz4NGkXwis&pp=ygUKc3RhdGlzdGljcw%3D%3D,"Educational,statistics"
https://www.youtube.com/watch?v=5ABpqVSx33I&pp=ygUKc3RhdGlzdGljcw%3D%3D,"Educational,statistics"
https://www.youtube.com/watch?v=CKsuUIBW6iU&pp=ygUKc3RhdGlzdGljcw%3D%3D,"Educational,statistics"
https://www.youtube.com/watch?v=RjayA3jyXyo&pp=ygUKc3RhdGlzdGljcw%3D%3D,"Educational,statistics"
https://www.youtube.com/watch?v=kn83BA7cRNM&pp=ygUKc3RhdGlzdGljcw%3D%3D,"Educational,statistics"
https://www.youtube.com/watch?v=LdjMJwDa41s&pp=ygUKc3RhdGlzdGljcw%3D%3D,"Educational,statistics"
https://www.youtube.com/watch?v=B7KycxmQ0rs&pp=ygUKc3RhdGlzdGljcw%3D%3D,"Educational,statistics"
https://www.youtube.com/watch?v=kyjlxsLW1Is&pp=ygUKc3RhdGlzdGljcw%3D%3D,"Educational,statistics"
https://www.youtube.com/watch?v=GtV-VYdNt_g&pp=ygUKc3RhdGlzdGljcw%3D%3D,"Educational,statistics"
https://www.youtube.com/watch?v=R5Ru4_8RDJQ&pp=ygUKc3RhdGlzdGljcw%3D%3D,"Educational,statistics"
https://www.youtube.com/watch?v=koYaQIifS5k&pp=ygUKc3RhdGlzdGljcw%3D%3D,"Educational,statistics"
https://www.youtube.com/watch?v=Xf0dYZD-ZI4&pp=ygUKc3RhdGlzdGljcw%3D%3D,"Educational,statistics"
https://www.youtube.com/watch?v=SFKUM4TL1VI&pp=ygUKc3RhdGlzdGljcw%3D%3D,"Educational,statistics"
https://www.youtube.com/watch?v=poCtr64sEpg&pp=ygUKc3RhdGlzdGljcw%3D%3D,"Educational,statistics"
https://www.youtube.com/watch?v=_g5roKHj95o&pp=ygUKc3RhdGlzdGljcw%3D%3D,"Educational,statistics"
https://www.youtube.com/watch?v=gxWvBP8_JtQ&pp=ygUKc3RhdGlzdGljcw%3D%3D,"Educational,statistics"
https://www.youtube.com/watch?v=VHYOuWu9jQI&pp=ygUKc3RhdGlzdGljcw%3D%3D,"Educational,statistics"
https://www.youtube.com/watch?v=PtRq60VZGlE&pp=ygUKc3RhdGlzdGljcw%3D%3D,"Educational,statistics"
https://www.youtube.com/watch?v=_EpXHuPnaK0&pp=ygUKc3RhdGlzdGljcw%3D%3D,"Educational,statistics"
https://www.youtube.com/watch?v=4M64n_f41VA&pp=ygUKc3RhdGlzdGljcw%3D%3D,"Educational,statistics"
https://www.youtube.com/watch?v=HK1ieMs4iu0&pp=ygUKc3RhdGlzdGljcw%3D%3D,"Educational,statistics"
https://www.youtube.com/watch?v=JVzTyhk6a9g&pp=ygUKc3RhdGlzdGljcw%3D%3D,"Educational,statistics"
https://www.youtube.com/watch?v=kzKTkNP2bvE&pp=ygUKc3RhdGlzdGljcw%3D%3D,"Educational,statistics"
https://www.youtube.com/watch?v=QaxzTXwV_YE&pp=ygUKc3RhdGlzdGljcw%3D%3D,"Educational,statistics"
https://www.youtube.com/watch?v=ZSaXU7mzUso&pp=ygUKc3RhdGlzdGljcw%3D%3D,"Educational,statistics"
https://www.youtube.com/watch?v=j1r5fr1er7I&pp=ygUKc3RhdGlzdGljcw%3D%3D,"Educational,statistics"
https://www.youtube.com/watch?v=s7Y4nfbatAY&pp=ygUKc3RhdGlzdGljcw%3D%3D,"Educational,statistics"
https://www.youtube.com/watch?v=-xy-pfbCgbQ&pp=ygUKc3RhdGlzdGljcw%3D%3D,"Educational,statistics"
https://www.youtube.com/watch?v=veClPyFCos4&pp=ygUKc3RhdGlzdGljcw%3D%3D,"Educational,statistics"
https://www.youtube.com/watch?v=cUqoHQDinCM&pp=ygUKc3RhdGlzdGljcw%3D%3D,"Educational,statistics"
https://www.youtube.com/watch?v=I14-2s24_JI&pp=ygUKc3RhdGlzdGljcw%3D%3D,"Educational,statistics"
https://www.youtube.com/watch?v=Kq5iPtAc_3I&pp=ygUKc3RhdGlzdGljcw%3D%3D,"Educational,statistics"
https://www.youtube.com/watch?v=B_Uh5V4xD4k&pp=ygUKc3RhdGlzdGljcw%3D%3D,"Educational,statistics"
https://www.youtube.com/watch?v=HoNg-ncwE2c&pp=ygUKc3RhdGlzdGljcw%3D%3D,"Educational,statistics"
https://www.youtube.com/watch?v=xe4Ok1LEQe8&pp=ygUKc3RhdGlzdGljcw%3D%3D,"Educational,statistics"
https://www.youtube.com/watch?v=-i6xhccT4GE&pp=ygUKc3RhdGlzdGljcw%3D%3D,"Educational,statistics"
https://www.youtube.com/watch?v=k3aKKasOmIw&pp=ygUKc3RhdGlzdGljcw%3D%3D,"Educational,statistics"
https://www.youtube.com/watch?v=df_Rtm4HmJg&pp=ygUKc3RhdGlzdGljcw%3D%3D,"Educational,statistics"
https://www.youtube.com/watch?v=kD0Mcax51Yk&pp=ygUKc3RhdGlzdGljcw%3D%3D,"Educational,statistics"
https://www.youtube.com/watch?v=bXrvHkbByik&pp=ygUKc3RhdGlzdGljcw%3D%3D,"Educational,statistics"
https://www.youtube.com/watch?v=AN3UkzE3HMg&pp=ygUKc3RhdGlzdGljcw%3D%3D,"Educational,statistics"
https://www.youtube.com/watch?v=lT2JXQ4K_Yo&pp=ygUKc3RhdGlzdGljcw%3D%3D,"Educational,statistics"
https://www.youtube.com/watch?v=ChLO7wwt7h0&pp=ygUKc3RhdGlzdGljcw%3D%3D,"Educational,statistics"
https://www.youtube.com/watch?v=7XPMQxEs-LM&pp=ygUKc3RhdGlzdGljcw%3D%3D,"Educational,statistics"
https://www.youtube.com/watch?v=h8EYEJ32oQ8&pp=ygUKc3RhdGlzdGljcw%3D%3D,"Educational,statistics"
https://www.youtube.com/watch?v=mtmqrfpQN9A&pp=ygUKc3RhdGlzdGljcw%3D%3D,"Educational,statistics"
https://www.youtube.com/watch?v=7V5jtI-ihm0&pp=ygUKc3RhdGlzdGljcw%3D%3D,"Educational,statistics"
https://www.youtube.com/watch?v=IngKIlvpg3s&pp=ygUKc3RhdGlzdGljcw%3D%3D,"Educational,statistics"
https://www.youtube.com/watch?v=AGuwXSe6tAw&pp=ygUKc3RhdGlzdGljcw%3D%3D,"Educational,statistics"
https://www.youtube.com/watch?v=btNmS1Nr1cs&pp=ygUKc3RhdGlzdGljcw%3D%3D,"Educational,statistics"
https://www.youtube.com/watch?v=SFPGVTThJNk&pp=ygUKc3RhdGlzdGljcw%3D%3D,"Educational,statistics"
https://www.youtube.com/watch?v=6fBNi_1HBJU&pp=ygUKc3RhdGlzdGljcw%3D%3D,"Educational,statistics"
https://www.youtube.com/watch?v=hLDGGtFnDKU&pp=ygUKc3RhdGlzdGljcw%3D%3D,"Educational,statistics"
https://www.youtube.com/watch?v=uqEKroQ0UpY&pp=ygUKc3RhdGlzdGljcw%3D%3D,"Educational,statistics"
https://www.youtube.com/watch?v=hcgThf5mv38&pp=ygUKc3RhdGlzdGljcw%3D%3D,"Educational,statistics"
https://www.youtube.com/watch?v=e6KmuvXM9KE&pp=ygUKc3RhdGlzdGljcw%3D%3D,"Educational,statistics"
https://www.youtube.com/watch?v=x_gHAly3mJo&pp=ygUKc3RhdGlzdGljcw%3D%3D,"Educational,statistics"
https://www.youtube.com/watch?v=_gUZjiqGnS0&pp=ygUKc3RhdGlzdGljcw%3D%3D,"Educational,statistics"
https://www.youtube.com/watch?v=1YrR0W2XnlQ&pp=ygUKc3RhdGlzdGljcw%3D%3D,"Educational,statistics"
https://www.youtube.com/watch?v=ogeGJS0GEF4&pp=ygUKc3RhdGlzdGljcw%3D%3D,"Educational,statistics"
https://www.youtube.com/watch?v=44hworAdK6s&pp=ygUKc3RhdGlzdGljcw%3D%3D,"Educational,statistics"
https://www.youtube.com/watch?v=BcE9pG3VvIg&pp=ygUKc3RhdGlzdGljcw%3D%3D,"Educational,statistics"
https://www.youtube.com/watch?v=VL-KZP2v3Xo&pp=ygUKc3RhdGlzdGljcw%3D%3D,"Educational,statistics"
https://www.youtube.com/watch?v=pn0PUY0jwGQ&pp=ygUKc3RhdGlzdGljcw%3D%3D,"Educational,statistics"
https://www.youtube.com/watch?v=NlBoMv2v6Vo&pp=ygUKc3RhdGlzdGljcw%3D%3D,"Educational,statistics"
https://www.youtube.com/watch?v=fjgu_j2Xvjo&pp=ygUKc3RhdGlzdGljcw%3D%3D,"Educational,statistics"
https://www.youtube.com/watch?v=B8BEbWA_tj4&pp=ygUKc3RhdGlzdGljcw%3D%3D,"Educational,statistics"
https://www.youtube.com/watch?v=shA9pppkwSs&pp=ygUKc3RhdGlzdGljcw%3D%3D,"Educational,statistics"
https://www.youtube.com/watch?v=Uk98hiMQgN0&pp=ygUKc3RhdGlzdGljcw%3D%3D,"Educational,statistics"
https://www.youtube.com/watch?v=SkidyDQuupA&pp=ygUKc3RhdGlzdGljcw%3D%3D,"Educational,statistics"
https://www.youtube.com/watch?v=QiE2KFvK2z8&pp=ygUKc3RhdGlzdGljcw%3D%3D,"Educational,statistics"
https://www.youtube.com/watch?v=QW3KRaz4aI4&pp=ygUKc3RhdGlzdGljcw%3D%3D,"Educational,statistics"
https://www.youtube.com/watch?v=4f9V0SjNr5Y&pp=ygUKc3RhdGlzdGljcw%3D%3D,"Educational,statistics"
https://www.youtube.com/watch?v=BAv7UraDUBc&pp=ygUKc3RhdGlzdGljcw%3D%3D,"Educational,statistics"
https://www.youtube.com/watch?v=WNZP7NAURlg&pp=ygUKc3RhdGlzdGljcw%3D%3D,"Educational,statistics"
https://www.youtube.com/watch?v=bPFNxD3Yg6U&pp=ygUKc3RhdGlzdGljcw%3D%3D,"Educational,statistics"
https://www.youtube.com/watch?v=hRzCnV8wUnA&pp=ygUKc3RhdGlzdGljcw%3D%3D,"Educational,statistics"
https://www.youtube.com/watch?v=uUOBDH7lVY4&pp=ygUKc3RhdGlzdGljcw%3D%3D,"Educational,statistics"
https://www.youtube.com/watch?v=Lv0xcdeXaGU&pp=ygUKc3RhdGlzdGljcw%3D%3D,"Educational,statistics"
https://www.youtube.com/watch?v=6DYtC7lrVuY&pp=ygUKc3RhdGlzdGljcw%3D%3D,"Educational,statistics"
https://www.youtube.com/watch?v=11unm2hmvOQ&pp=ygUKc3RhdGlzdGljcw%3D%3D,"Educational,statistics"
https://www.youtube.com/watch?v=AWEs5JZQ-gY&pp=ygUKc3RhdGlzdGljcw%3D%3D,"Educational,statistics"
https://www.youtube.com/watch?v=KLnGOL_AUgA&pp=ygUKc3RhdGlzdGljcw%3D%3D,"Educational,statistics"
https://www.youtube.com/watch?v=SxmluiqqW2c&pp=ygUKc3RhdGlzdGljcw%3D%3D,"Educational,statistics"
https://www.youtube.com/watch?v=aNv4gD72-1I&pp=ygUKc3RhdGlzdGljcw%3D%3D,"Educational,statistics"
https://www.youtube.com/watch?v=VPZD_aij8H0&pp=ygUKc3RhdGlzdGljcw%3D%3D,"Educational,statistics"
https://www.youtube.com/watch?v=ZXF7YoNm12c&pp=ygUKc3RhdGlzdGljcw%3D%3D,"Educational,statistics"
https://www.youtube.com/watch?v=QDSIJdZIhyM&pp=ygUKc3RhdGlzdGljcw%3D%3D,"Educational,statistics"
https://www.youtube.com/watch?v=uAxyI_XfqXk&pp=ygUKc3RhdGlzdGljcw%3D%3D,"Educational,statistics"
https://www.youtube.com/watch?v=hjZJIVWHnPE&pp=ygUKc3RhdGlzdGljcw%3D%3D,"Educational,statistics"
https://www.youtube.com/watch?v=7_cs1YlZoug&pp=ygUKc3RhdGlzdGljcw%3D%3D,"Educational,statistics"
https://www.youtube.com/watch?v=NiVsI5YmkMQ&pp=ygUKc3RhdGlzdGljcw%3D%3D,"Educational,statistics"
https://www.youtube.com/watch?v=Hc-BUqBaUkQ&pp=ygUKc3RhdGlzdGljcw%3D%3D,"Educational,statistics"
https://www.youtube.com/watch?v=tqnBapJhQgE&pp=ygUKc3RhdGlzdGljcw%3D%3D,"Educational,statistics"
https://www.youtube.com/watch?v=oOuu8IBd-yo&pp=ygUKc3RhdGlzdGljcw%3D%3D,"Educational,statistics"
https://www.youtube.com/watch?v=4ccsXVBEGsE&pp=ygUKc3RhdGlzdGljcw%3D%3D,"Educational,statistics"
https://www.youtube.com/watch?v=jf9VT4V4aRI&pp=ygUKc3RhdGlzdGljcw%3D%3D,"Educational,statistics"
https://www.youtube.com/watch?v=6rd-zHmVJP4&pp=ygUKc3RhdGlzdGljcw%3D%3D,"Educational,statistics"
https://www.youtube.com/watch?v=TLwp5DwcqD4&pp=ygUKc3RhdGlzdGljcw%3D%3D,"Educational,statistics"
https://www.youtube.com/watch?v=-ETQ97mXXF0&pp=ygUKc3RhdGlzdGljcw%3D%3D,"Educational,statistics"
https://www.youtube.com/watch?v=mbDpaQMJKHU&pp=ygUKc3RhdGlzdGljcw%3D%3D,"Educational,statistics"
https://www.youtube.com/watch?v=CjF_yQ2N638&pp=ygUKc3RhdGlzdGljcw%3D%3D,"Educational,statistics"
https://www.youtube.com/watch?v=ELpfhEXSJUA&pp=ygUKc3RhdGlzdGljcw%3D%3D,"Educational,statistics"
https://www.youtube.com/watch?v=sbbYntt5CJk&pp=ygUKc3RhdGlzdGljcw%3D%3D,"Educational,statistics"
https://www.youtube.com/watch?v=So9eO4MIPFw&pp=ygUKc3RhdGlzdGljcw%3D%3D,"Educational,statistics"
https://www.youtube.com/watch?v=-TFPdE5gTOI&pp=ygUKc3RhdGlzdGljcw%3D%3D,"Educational,statistics"
https://www.youtube.com/watch?v=fQy2Py9cjkw&pp=ygUKc3RhdGlzdGljcw%3D%3D,"Educational,statistics"
https://www.youtube.com/watch?v=jwlhScL3uBc&pp=ygUKc3RhdGlzdGljcw%3D%3D,"Educational,statistics"
https://www.youtube.com/watch?v=U044YWuMESY&pp=ygUKc3RhdGlzdGljcw%3D%3D,"Educational,statistics"
https://www.youtube.com/watch?v=cKakQI_jl3w&pp=ygUKc3RhdGlzdGljcw%3D%3D,"Educational,statistics"
https://www.youtube.com/watch?v=01kQMOEGI2k&pp=ygUKc3RhdGlzdGljcw%3D%3D,"Educational,statistics"
https://www.youtube.com/watch?v=yXbx5EHE1ag&pp=ygUKc3RhdGlzdGljcw%3D%3D,"Educational,statistics"
https://www.youtube.com/watch?v=6Jrb4wEloCQ&pp=ygUKc3RhdGlzdGljcw%3D%3D,"Educational,statistics"
https://www.youtube.com/watch?v=-KgzPdWJy00&pp=ygUKc3RhdGlzdGljcw%3D%3D,"Educational,statistics"
https://www.youtube.com/watch?v=tN9Xl1AcSv8&pp=ygUKc3RhdGlzdGljcw%3D%3D,"Educational,statistics"
https://www.youtube.com/watch?v=HTAvBDkUXok&pp=ygUKc3RhdGlzdGljcw%3D%3D,"Educational,statistics"
https://www.youtube.com/watch?v=_V8eKsto3Ug&pp=ygUKc3RhdGlzdGljcw%3D%3D,"Educational,statistics"
https://www.youtube.com/watch?v=zF_dBk8EPDk&pp=ygUKc3RhdGlzdGljcw%3D%3D,"Educational,statistics"
https://www.youtube.com/watch?v=dzQ9gQdDhdg&pp=ygUKc3RhdGlzdGljcw%3D%3D,"Educational,statistics"
https://www.youtube.com/watch?v=G_JnER6GIz0&pp=ygUKc3RhdGlzdGljcw%3D%3D,"Educational,statistics"
https://www.youtube.com/watch?v=40o82o3uNfk&pp=ygUKc3RhdGlzdGljcw%3D%3D,"Educational,statistics"
https://www.youtube.com/watch?v=fHqjNHxmB7c&pp=ygUKc3RhdGlzdGljcw%3D%3D,"Educational,statistics"
https://www.youtube.com/watch?v=av_f4SIU_gc&pp=ygUKc3RhdGlzdGljcw%3D%3D,"Educational,statistics"
https://www.youtube.com/watch?v=H9tXPPbz5ew&pp=ygUKc3RhdGlzdGljcw%3D%3D,"Educational,statistics"
https://www.youtube.com/watch?v=zJ8e_wAWUzE&pp=ygUKc3RhdGlzdGljcw%3D%3D,"Educational,statistics"
https://www.youtube.com/watch?v=147rApfqnf0&pp=ygUKc3RhdGlzdGljcw%3D%3D,"Educational,statistics"
https://www.youtube.com/watch?v=rIDPvKLkomk&pp=ygUKc3RhdGlzdGljcw%3D%3D,"Educational,statistics"
https://www.youtube.com/watch?v=RALOqYe9JEI&pp=ygUKc3RhdGlzdGljcw%3D%3D,"Educational,statistics"
https://www.youtube.com/watch?v=lIjssqPuXDs&pp=ygUKc3RhdGlzdGljcw%3D%3D,"Educational,statistics"
https://www.youtube.com/watch?v=v--46yF-JsU&pp=ygUKc3RhdGlzdGljcw%3D%3D,"Educational,statistics"
https://www.youtube.com/watch?v=hQ7Z2NC8ODY&pp=ygUKc3RhdGlzdGljcw%3D%3D,"Educational,statistics"
https://www.youtube.com/watch?v=z6M1OlGTj38&pp=ygUKc3RhdGlzdGljcw%3D%3D,"Educational,statistics"
https://www.youtube.com/watch?v=esskJJF8pCc&pp=ygUKc3RhdGlzdGljcw%3D%3D,"Educational,statistics"
https://www.youtube.com/watch?v=CTj0OE6lkkg&pp=ygUKc3RhdGlzdGljcw%3D%3D,"Educational,statistics"
https://www.youtube.com/watch?v=rAr1x9QR81Q&pp=ygUKc3RhdGlzdGljcw%3D%3D,"Educational,statistics"
https://www.youtube.com/watch?v=rulIUAN0U3w&pp=ygUKc3RhdGlzdGljcw%3D%3D,"Educational,statistics"
https://www.youtube.com/watch?v=Vfo5le26IhY&pp=ygUKc3RhdGlzdGljcw%3D%3D,"Educational,statistics"
https://www.youtube.com/watch?v=EUeQRE5UJpg&pp=ygUKc3RhdGlzdGljcw%3D%3D,"Educational,statistics"
https://www.youtube.com/watch?v=UK3vRw1MKps&pp=ygUKc3RhdGlzdGljcw%3D%3D,"Educational,statistics"
https://www.youtube.com/watch?v=MBJON9hVOJE&pp=ygUKc3RhdGlzdGljcw%3D%3D,"Educational,statistics"
https://www.youtube.com/watch?v=RzUErOMgHGk&pp=ygUKc3RhdGlzdGljcw%3D%3D,"Educational,statistics"
https://www.youtube.com/watch?v=fqyCTLo5HvQ&pp=ygUKc3RhdGlzdGljcw%3D%3D,"Educational,statistics"
https://www.youtube.com/watch?v=OODiE5aTkZk&pp=ygUKc3RhdGlzdGljcw%3D%3D,"Educational,statistics"
https://www.youtube.com/watch?v=LZzq1zSL1bs&pp=ygUKc3RhdGlzdGljcw%3D%3D,"Educational,statistics"
https://www.youtube.com/watch?v=W47jxthmLYE&pp=ygUKc3RhdGlzdGljcw%3D%3D,"Educational,statistics"
https://www.youtube.com/watch?v=Q-pX21LtnJI&pp=ygUKc3RhdGlzdGljcw%3D%3D,"Educational,statistics"
https://www.youtube.com/watch?v=kzw090mbZec&pp=ygUKc3RhdGlzdGljcw%3D%3D,"Educational,statistics"
https://www.youtube.com/watch?v=XsUlH_XFhL0&pp=ygUKc3RhdGlzdGljcw%3D%3D,"Educational,statistics"
https://www.youtube.com/watch?v=bVG2OQp6jEQ&pp=ygUKc3RhdGlzdGljcw%3D%3D,"Educational,statistics"
https://www.youtube.com/watch?v=uyGde7wQ6Ms&pp=ygUKc3RhdGlzdGljcw%3D%3D,"Educational,statistics"
