https://www.youtube.com/watch?v=a43BIxiZ5EM&pp=ygUQcHl0aG9uIHR1dG9yaWFscw%3D%3D,"Educational-programming,python tutorials"
https://www.youtube.com/watch?v=TRG-pIAn0F8&pp=ygUQcHl0aG9uIHR1dG9yaWFscw%3D%3D,"Educational-programming,python tutorials"
https://www.youtube.com/watch?v=k9TUPpGqYTo&pp=ygUQcHl0aG9uIHR1dG9yaWFscw%3D%3D,"Educational-programming,python tutorials"
https://www.youtube.com/watch?v=sugvnHA7ElY&pp=ygUQcHl0aG9uIHR1dG9yaWFscw%3D%3D,"Educational-programming,python tutorials"
https://www.youtube.com/watch?v=AWek49wXGzI&pp=ygUQcHl0aG9uIHR1dG9yaWFscw%3D%3D,"Educational-programming,python tutorials"
https://www.youtube.com/watch?v=Uh2ebFW8OYM&pp=ygUQcHl0aG9uIHR1dG9yaWFscw%3D%3D,"Educational-programming,python tutorials"
https://www.youtube.com/watch?v=QUT1VHiLmmI&pp=ygUQcHl0aG9uIHR1dG9yaWFscw%3D%3D,"Educational-programming,python tutorials"
https://www.youtube.com/watch?v=GN6ICac3OXY&pp=ygUQcHl0aG9uIHR1dG9yaWFscw%3D%3D,"Educational-programming,python tutorials"
https://www.youtube.com/watch?v=KgA_04VbGAI&pp=ygUQcHl0aG9uIHR1dG9yaWFscw%3D%3D,"Educational-programming,python tutorials"
https://www.youtube.com/watch?v=362fjQdpFlc&pp=ygUQcHl0aG9uIHR1dG9yaWFscw%3D%3D,"Educational-programming,python tutorials"
https://www.youtube.com/watch?v=xRTdfZsAz6Y&pp=ygUQcHl0aG9uIHR1dG9yaWFscw%3D%3D,"Educational-programming,python tutorials"
https://www.youtube.com/watch?v=Rtmgt2Qfqr4&pp=ygUQcHl0aG9uIHR1dG9yaWFscw%3D%3D,"Educational-programming,python tutorials"
https://www.youtube.com/watch?v=ceiuLR2ysas&pp=ygUQcHl0aG9uIHR1dG9yaWFscw%3D%3D,"Educational-programming,python tutorials"
https://www.youtube.com/watch?v=8jW7lpT8HW8&pp=ygUQcHl0aG9uIHR1dG9yaWFscw%3D%3D,"Educational-programming,python tutorials"
https://www.youtube.com/watch?v=XIrOM9oP3pA&pp=ygUQcHl0aG9uIHR1dG9yaWFscw%3D%3D,"Educational-programming,python tutorials"
https://www.youtube.com/watch?v=Sb8JDqeq74s&pp=ygUQcHl0aG9uIHR1dG9yaWFscw%3D%3D,"Educational-programming,python tutorials"
https://www.youtube.com/watch?v=b093aqAZiPU&pp=ygUQcHl0aG9uIHR1dG9yaWFscw%3D%3D,"Educational-programming,python tutorials"
https://www.youtube.com/watch?v=c8W7dRPdIPE&pp=ygUQcHl0aG9uIHR1dG9yaWFscw%3D%3D,"Educational-programming,python tutorials"
https://www.youtube.com/watch?v=B9nFMZIYQl0&pp=ygUQcHl0aG9uIHR1dG9yaWFscw%3D%3D,"Educational-programming,python tutorials"
https://www.youtube.com/watch?v=Mf2RdpEiXjU&pp=ygUQcHl0aG9uIHR1dG9yaWFscw%3D%3D,"Educational-programming,python tutorials"
https://www.youtube.com/watch?v=ihnWXGPxNEk&pp=ygUQcHl0aG9uIHR1dG9yaWFscw%3D%3D,"Educational-programming,python tutorials"
https://www.youtube.com/watch?v=6_2hzRopPbQ&pp=ygUQcHl0aG9uIHR1dG9yaWFscw%3D%3D,"Educational-programming,python tutorials"
https://www.youtube.com/watch?v=UB3DE5Bgfx4&pp=ygUQcHl0aG9uIHR1dG9yaWFscw%3D%3D,"Educational-programming,python tutorials"
https://www.youtube.com/watch?v=XHzQvq-ltAo&pp=ygUQcHl0aG9uIHR1dG9yaWFscw%3D%3D,"Educational-programming,python tutorials"
https://www.youtube.com/watch?v=WRNV7NVLNuA&pp=ygUQcHl0aG9uIHR1dG9yaWFscw%3D%3D,"Educational-programming,python tutorials"
https://www.youtube.com/watch?v=rltSHY2Y7-c&pp=ygUQcHl0aG9uIHR1dG9yaWFscw%3D%3D,"Educational-programming,python tutorials"
https://www.youtube.com/watch?v=WvhQhj4n6b8&pp=ygUQcHl0aG9uIHR1dG9yaWFscw%3D%3D,"Educational-programming,python tutorials"
https://www.youtube.com/watch?v=xwKO_y2gHxQ&pp=ygUQcHl0aG9uIHR1dG9yaWFscw%3D%3D,"Educational-programming,python tutorials"
https://www.youtube.com/watch?v=TTepNRy0wj8&pp=ygUQcHl0aG9uIHR1dG9yaWFscw%3D%3D,"Educational-programming,python tutorials"
https://www.youtube.com/watch?v=HQnoYzxOHMw&pp=ygUQcHl0aG9uIHR1dG9yaWFscw%3D%3D,"Educational-programming,python tutorials"
https://www.youtube.com/watch?v=ZnDMgIJG_qc&pp=ygUQcHl0aG9uIHR1dG9yaWFscw%3D%3D,"Educational-programming,python tutorials"
https://www.youtube.com/watch?v=hXN0JBWIya8&pp=ygUQcHl0aG9uIHR1dG9yaWFscw%3D%3D,"Educational-programming,python tutorials"
https://www.youtube.com/watch?v=47l22pffMSM&pp=ygUQcHl0aG9uIHR1dG9yaWFscw%3D%3D,"Educational-programming,python tutorials"
https://www.youtube.com/watch?v=u3zj0GfLoP8&pp=ygUQcHl0aG9uIHR1dG9yaWFscw%3D%3D,"Educational-programming,python tutorials"
https://www.youtube.com/watch?v=eF6nK5bSlmg&pp=ygUQcHl0aG9uIHR1dG9yaWFscw%3D%3D,"Educational-programming,python tutorials"
https://www.youtube.com/watch?v=9N6a-VLBa2I&pp=ygUQcHl0aG9uIHR1dG9yaWFscw%3D%3D,"Educational-programming,python tutorials"
https://www.youtube.com/watch?v=dyvxxJSGUsE&pp=ygUQcHl0aG9uIHR1dG9yaWFscw%3D%3D,"Educational-programming,python tutorials"
https://www.youtube.com/watch?v=mDKM-JtUhhc&pp=ygUQcHl0aG9uIHR1dG9yaWFscw%3D%3D,"Educational-programming,python tutorials"
https://www.youtube.com/watch?v=bZ6NL59FMoc&pp=ygUQcHl0aG9uIHR1dG9yaWFscw%3D%3D,"Educational-programming,python tutorials"
https://www.youtube.com/watch?v=dam0GPOAvVI&pp=ygUQcHl0aG9uIHR1dG9yaWFscw%3D%3D,"Educational-programming,python tutorials"
https://www.youtube.com/watch?v=JDcZBzb46ts&pp=ygUQcHl0aG9uIHR1dG9yaWFscw%3D%3D,"Educational-programming,python tutorials"
https://www.youtube.com/watch?v=CtbckFw0pJs&pp=ygUQcHl0aG9uIHR1dG9yaWFscw%3D%3D,"Educational-programming,python tutorials"
https://www.youtube.com/watch?v=JdG1cVFyj5A&pp=ygUQcHl0aG9uIHR1dG9yaWFscw%3D%3D,"Educational-programming,python tutorials"
https://www.youtube.com/watch?v=RrWKnl_4klk&pp=ygUQcHl0aG9uIHR1dG9yaWFscw%3D%3D,"Educational-programming,python tutorials"
https://www.youtube.com/watch?v=iB-BPGFaq2U&pp=ygUQcHl0aG9uIHR1dG9yaWFscw%3D%3D,"Educational-programming,python tutorials"
https://www.youtube.com/watch?v=4OuKhqbu4vg&pp=ygUQcHl0aG9uIHR1dG9yaWFscw%3D%3D,"Educational-programming,python tutorials"
https://www.youtube.com/watch?v=aXemrB2ATdA&pp=ygUQcHl0aG9uIHR1dG9yaWFscw%3D%3D,"Educational-programming,python tutorials"
https://www.youtube.com/watch?v=Xjv1sY630Uc&pp=ygUQcHl0aG9uIHR1dG9yaWFscw%3D%3D,"Educational-programming,python tutorials"
https://www.youtube.com/watch?v=0U9-KUx0SD8&pp=ygUQcHl0aG9uIHR1dG9yaWFscw%3D%3D,"Educational-programming,python tutorials"
https://www.youtube.com/watch?v=tPYj3fFJGjk&pp=ygUQcHl0aG9uIHR1dG9yaWFscw%3D%3D,"Educational-programming,python tutorials"
https://www.youtube.com/watch?v=ITSMDeOgXxw&pp=ygUQcHl0aG9uIHR1dG9yaWFscw%3D%3D,"Educational-programming,python tutorials"
https://www.youtube.com/watch?v=ihk_Xglr164&pp=ygUQcHl0aG9uIHR1dG9yaWFscw%3D%3D,"Educational-programming,python tutorials"
https://www.youtube.com/watch?v=tJxcKyFMTGo&pp=ygUQcHl0aG9uIHR1dG9yaWFscw%3D%3D,"Educational-programming,python tutorials"
https://www.youtube.com/watch?v=Lp9Ftuq2sVI&pp=ygUQcHl0aG9uIHR1dG9yaWFscw%3D%3D,"Educational-programming,python tutorials"
https://www.youtube.com/watch?v=8ext9G7xspg&pp=ygUQcHl0aG9uIHR1dG9yaWFscw%3D%3D,"Educational-programming,python tutorials"
https://www.youtube.com/watch?v=TenfEct8AxM&pp=ygUQcHl0aG9uIHR1dG9yaWFscw%3D%3D,"Educational-programming,python tutorials"
https://www.youtube.com/watch?v=a7baAGCBA9U&pp=ygUQcHl0aG9uIHR1dG9yaWFscw%3D%3D,"Educational-programming,python tutorials"
https://www.youtube.com/watch?v=8124kv-632k&pp=ygUQcHl0aG9uIHR1dG9yaWFscw%3D%3D,"Educational-programming,python tutorials"
https://www.youtube.com/watch?v=OnDr4J2UXSA&pp=ygUQcHl0aG9uIHR1dG9yaWFscw%3D%3D,"Educational-programming,python tutorials"
https://www.youtube.com/watch?v=v_S64kldryc&pp=ygUQcHl0aG9uIHR1dG9yaWFscw%3D%3D,"Educational-programming,python tutorials"
https://www.youtube.com/watch?v=2pg7ha2jjHU&pp=ygUQcHl0aG9uIHR1dG9yaWFscw%3D%3D,"Educational-programming,python tutorials"
https://www.youtube.com/watch?v=T936yTchDck&pp=ygUQcHl0aG9uIHR1dG9yaWFscw%3D%3D,"Educational-programming,python tutorials"
https://www.youtube.com/watch?v=2By4rlVIbAU&pp=ygUQcHl0aG9uIHR1dG9yaWFscw%3D%3D,"Educational-programming,python tutorials"
https://www.youtube.com/watch?v=WHY3bz5_QdI&pp=ygUQcHl0aG9uIHR1dG9yaWFscw%3D%3D,"Educational-programming,python tutorials"
https://www.youtube.com/watch?v=6i3e-j3wSf0&pp=ygUQcHl0aG9uIHR1dG9yaWFscw%3D%3D,"Educational-programming,python tutorials"
https://www.youtube.com/watch?v=scWc3F8LbOo&pp=ygUQcHl0aG9uIHR1dG9yaWFscw%3D%3D,"Educational-programming,python tutorials"
https://www.youtube.com/watch?v=7irdpRVHmmw&pp=ygUQcHl0aG9uIHR1dG9yaWFscw%3D%3D,"Educational-programming,python tutorials"
https://www.youtube.com/watch?v=BVIoAILnZ4Q&pp=ygUQcHl0aG9uIHR1dG9yaWFscw%3D%3D,"Educational-programming,python tutorials"
https://www.youtube.com/watch?v=waY3LfJhQLY&pp=ygUQcHl0aG9uIHR1dG9yaWFscw%3D%3D,"Educational-programming,python tutorials"
https://www.youtube.com/watch?v=NQ5i1kJAA6Y&pp=ygUQcHl0aG9uIHR1dG9yaWFscw%3D%3D,"Educational-programming,python tutorials"
https://www.youtube.com/watch?v=LJ7pzebXX6g&pp=ygUQcHl0aG9uIHR1dG9yaWFscw%3D%3D,"Educational-programming,python tutorials"
https://www.youtube.com/watch?v=GPVsHOlRBBI&pp=ygUQcHl0aG9uIHR1dG9yaWFscw%3D%3D,"Educational-programming,python tutorials"
https://www.youtube.com/watch?v=eDBPlcWYses&pp=ygUQcHl0aG9uIHR1dG9yaWFscw%3D%3D,"Educational-programming,python tutorials"
https://www.youtube.com/watch?v=Y8Tko2YC5hA&pp=ygUQcHl0aG9uIHR1dG9yaWFscw%3D%3D,"Educational-programming,python tutorials"
https://www.youtube.com/watch?v=woVJ4N5nl_s&pp=ygUQcHl0aG9uIHR1dG9yaWFscw%3D%3D,"Educational-programming,python tutorials"
https://www.youtube.com/watch?v=7YS6YDQKFh0&pp=ygUQcHl0aG9uIHR1dG9yaWFscw%3D%3D,"Educational-programming,python tutorials"
https://www.youtube.com/watch?v=Pu5bqySSSS0&pp=ygUQcHl0aG9uIHR1dG9yaWFscw%3D%3D,"Educational-programming,python tutorials"
https://www.youtube.com/watch?v=neTsPE9XFsQ&pp=ygUQcHl0aG9uIHR1dG9yaWFscw%3D%3D,"Educational-programming,python tutorials"
https://www.youtube.com/watch?v=Z1RJmh_OqeA&pp=ygUQcHl0aG9uIHR1dG9yaWFscw%3D%3D,"Educational-programming,python tutorials"
https://www.youtube.com/watch?v=nLRL_NcnK-4&pp=ygUQcHl0aG9uIHR1dG9yaWFscw%3D%3D,"Educational-programming,python tutorials"
https://www.youtube.com/watch?v=r-uOLxNrNk8&pp=ygUQcHl0aG9uIHR1dG9yaWFscw%3D%3D,"Educational-programming,python tutorials"
https://www.youtube.com/watch?v=vLqTf2b6GZw&pp=ygUQcHl0aG9uIHR1dG9yaWFscw%3D%3D,"Educational-programming,python tutorials"
https://www.youtube.com/watch?v=8DvywoWv6fI&pp=ygUQcHl0aG9uIHR1dG9yaWFscw%3D%3D,"Educational-programming,python tutorials"
https://www.youtube.com/watch?v=c8yHTlrs9EA&pp=ygUQcHl0aG9uIHR1dG9yaWFscw%3D%3D,"Educational-programming,python tutorials"
https://www.youtube.com/watch?v=hEgO047GxaQ&pp=ygUQcHl0aG9uIHR1dG9yaWFscw%3D%3D,"Educational-programming,python tutorials"
https://www.youtube.com/watch?v=CqSsGvg0Mls&pp=ygUQcHl0aG9uIHR1dG9yaWFscw%3D%3D,"Educational-programming,python tutorials"
https://www.youtube.com/watch?v=Ou-7G9VQugg&pp=ygUQcHl0aG9uIHR1dG9yaWFscw%3D%3D,"Educational-programming,python tutorials"
https://www.youtube.com/watch?v=lIKuyGfcX7M&pp=ygUQcHl0aG9uIHR1dG9yaWFscw%3D%3D,"Educational-programming,python tutorials"
https://www.youtube.com/watch?v=trH8AkzSIEM&pp=ygUQcHl0aG9uIHR1dG9yaWFscw%3D%3D,"Educational-programming,python tutorials"
https://www.youtube.com/watch?v=V4gGJ7XXlC0&pp=ygUQcHl0aG9uIHR1dG9yaWFscw%3D%3D,"Educational-programming,python tutorials"
https://www.youtube.com/watch?v=7wnove7K-ZQ&pp=ygUQcHl0aG9uIHR1dG9yaWFscw%3D%3D,"Educational-programming,python tutorials"
https://www.youtube.com/watch?v=2WL-XTl2QYI&pp=ygUQcHl0aG9uIHR1dG9yaWFscw%3D%3D,"Educational-programming,python tutorials"
https://www.youtube.com/watch?v=zLFituJxj6c&pp=ygUQcHl0aG9uIHR1dG9yaWFscw%3D%3D,"Educational-programming,python tutorials"
https://www.youtube.com/watch?v=WGJJIrtnfpk&pp=ygUQcHl0aG9uIHR1dG9yaWFscw%3D%3D,"Educational-programming,python tutorials"
https://www.youtube.com/watch?v=DLn3jOsNRVE&pp=ygUQcHl0aG9uIHR1dG9yaWFscw%3D%3D,"Educational-programming,python tutorials"
https://www.youtube.com/watch?v=rHux0gMZ3Eg&pp=ygUQcHl0aG9uIHR1dG9yaWFscw%3D%3D,"Educational-programming,python tutorials"
https://www.youtube.com/watch?v=cBOcsayH4bY&pp=ygUQcHl0aG9uIHR1dG9yaWFscw%3D%3D,"Educational-programming,python tutorials"
https://www.youtube.com/watch?v=7BHGXg1i0eM&pp=ygUQcHl0aG9uIHR1dG9yaWFscw%3D%3D,"Educational-programming,python tutorials"
https://www.youtube.com/watch?v=EkYrfV7M1ks&pp=ygUQcHl0aG9uIHR1dG9yaWFscw%3D%3D,"Educational-programming,python tutorials"
https://www.youtube.com/watch?v=mMv6OSuitWw&pp=ygUQcHl0aG9uIHR1dG9yaWFscw%3D%3D,"Educational-programming,python tutorials"
https://www.youtube.com/watch?v=PTBZ674EsvI&pp=ygUQcHl0aG9uIHR1dG9yaWFscw%3D%3D,"Educational-programming,python tutorials"
https://www.youtube.com/watch?v=1UzSDMJRh8c&pp=ygUQcHl0aG9uIHR1dG9yaWFscw%3D%3D,"Educational-programming,python tutorials"
https://www.youtube.com/watch?v=m67-bOpOoPU&pp=ygUQcHl0aG9uIHR1dG9yaWFscw%3D%3D,"Educational-programming,python tutorials"
https://www.youtube.com/watch?v=rfscVS0vtbw&pp=ygUQcHl0aG9uIHR1dG9yaWFscw%3D%3D,"Educational-programming,python tutorials"
https://www.youtube.com/watch?v=XKHEtdqhLK8&pp=ygUQcHl0aG9uIHR1dG9yaWFscw%3D%3D,"Educational-programming,python tutorials"
https://www.youtube.com/watch?v=gfDE2a7MKjA&pp=ygUQcHl0aG9uIHR1dG9yaWFscw%3D%3D,"Educational-programming,python tutorials"
https://www.youtube.com/watch?v=Tp6zv8eCzsA&pp=ygUQcHl0aG9uIHR1dG9yaWFscw%3D%3D,"Educational-programming,python tutorials"
https://www.youtube.com/watch?v=oKDC0w5pGhk&pp=ygUQcHl0aG9uIHR1dG9yaWFscw%3D%3D,"Educational-programming,python tutorials"
https://www.youtube.com/watch?v=SORiTsvnU28&pp=ygUQcHl0aG9uIHR1dG9yaWFscw%3D%3D,"Educational-programming,python tutorials"
https://www.youtube.com/watch?v=oXlwWbU8l2o&pp=ygUQcHl0aG9uIHR1dG9yaWFscw%3D%3D,"Educational-programming,python tutorials"
https://www.youtube.com/watch?v=0RS9W8MtZe4&pp=ygUQcHl0aG9uIHR1dG9yaWFscw%3D%3D,"Educational-programming,python tutorials"
https://www.youtube.com/watch?v=NI9LXzo0UY0&pp=ygUQcHl0aG9uIHR1dG9yaWFscw%3D%3D,"Educational-programming,python tutorials"
https://www.youtube.com/watch?v=H2EJuAcrZYU&pp=ygUQcHl0aG9uIHR1dG9yaWFscw%3D%3D,"Educational-programming,python tutorials"
https://www.youtube.com/watch?v=1mLmW0sTzjw&pp=ygUQcHl0aG9uIHR1dG9yaWFscw%3D%3D,"Educational-programming,python tutorials"
https://www.youtube.com/watch?v=ynE7p65jLts&pp=ygUQcHl0aG9uIHR1dG9yaWFscw%3D%3D,"Educational-programming,python tutorials"
https://www.youtube.com/watch?v=u-OmVr_fT4s&pp=ygUQcHl0aG9uIHR1dG9yaWFscw%3D%3D,"Educational-programming,python tutorials"
https://www.youtube.com/watch?v=mhdExzt7AnU&pp=ygUQcHl0aG9uIHR1dG9yaWFscw%3D%3D,"Educational-programming,python tutorials"
https://www.youtube.com/watch?v=DZwmZ8Usvnk&pp=ygUQcHl0aG9uIHR1dG9yaWFscw%3D%3D,"Educational-programming,python tutorials"
https://www.youtube.com/watch?v=WR7mO_jYN9g&pp=ygUQcHl0aG9uIHR1dG9yaWFscw%3D%3D,"Educational-programming,python tutorials"
https://www.youtube.com/watch?v=_uQrJ0TkZlc&pp=ygUQcHl0aG9uIHR1dG9yaWFscw%3D%3D,"Educational-programming,python tutorials"
https://www.youtube.com/watch?v=tEn5BjRY8Uw&pp=ygUQcHl0aG9uIHR1dG9yaWFscw%3D%3D,"Educational-programming,python tutorials"
https://www.youtube.com/watch?v=VFQKeXjFrXk&pp=ygUQcHl0aG9uIHR1dG9yaWFscw%3D%3D,"Educational-programming,python tutorials"
https://www.youtube.com/watch?v=mbryl4MZJms&pp=ygUQcHl0aG9uIHR1dG9yaWFscw%3D%3D,"Educational-programming,python tutorials"
https://www.youtube.com/watch?v=daefaLgNkw0&pp=ygUQcHl0aG9uIHR1dG9yaWFscw%3D%3D,"Educational-programming,python tutorials"
https://www.youtube.com/watch?v=La8WXJW2DbQ&pp=ygUQcHl0aG9uIHR1dG9yaWFscw%3D%3D,"Educational-programming,python tutorials"
https://www.youtube.com/watch?v=9F6zAuYtuFw&pp=ygUQcHl0aG9uIHR1dG9yaWFscw%3D%3D,"Educational-programming,python tutorials"
https://www.youtube.com/watch?v=YYXdXT2l-Gg&pp=ygUQcHl0aG9uIHR1dG9yaWFscw%3D%3D,"Educational-programming,python tutorials"
https://www.youtube.com/watch?v=HGOBQPFzWKo&pp=ygUQcHl0aG9uIHR1dG9yaWFscw%3D%3D,"Educational-programming,python tutorials"
https://www.youtube.com/watch?v=7eh4d6sabA0&pp=ygUQcHl0aG9uIHR1dG9yaWFscw%3D%3D,"Educational-programming,python tutorials"
https://www.youtube.com/watch?v=vmy0uTyC9f0&pp=ygUQcHl0aG9uIHR1dG9yaWFscw%3D%3D,"Educational-programming,python tutorials"
https://www.youtube.com/watch?v=kng-mJJby8g&pp=ygUQcHl0aG9uIHR1dG9yaWFscw%3D%3D,"Educational-programming,python tutorials"
https://www.youtube.com/watch?v=RRr0kMLf8sE&pp=ygUQcHl0aG9uIHR1dG9yaWFscw%3D%3D,"Educational-programming,python tutorials"
https://www.youtube.com/watch?v=sa97IyIOHxU&pp=ygUQcHl0aG9uIHR1dG9yaWFscw%3D%3D,"Educational-programming,python tutorials"
https://www.youtube.com/watch?v=0d6b6fFuCkE&pp=ygUQcHl0aG9uIHR1dG9yaWFscw%3D%3D,"Educational-programming,python tutorials"
https://www.youtube.com/watch?v=BiDOehqG68g&pp=ygUQcHl0aG9uIHR1dG9yaWFscw%3D%3D,"Educational-programming,python tutorials"
https://www.youtube.com/watch?v=6Nu9cvINQLk&pp=ygUQcHl0aG9uIHR1dG9yaWFscw%3D%3D,"Educational-programming,python tutorials"
https://www.youtube.com/watch?v=8O5kX73OkIY&pp=ygUQcHl0aG9uIHR1dG9yaWFscw%3D%3D,"Educational-programming,python tutorials"
https://www.youtube.com/watch?v=9Os0o3wzS_I&pp=ygUQcHl0aG9uIHR1dG9yaWFscw%3D%3D,"Educational-programming,python tutorials"
https://www.youtube.com/watch?v=qYhrd2Lhq0g&pp=ygUQcHl0aG9uIHR1dG9yaWFscw%3D%3D,"Educational-programming,python tutorials"
https://www.youtube.com/watch?v=fWedX4IxzN8&pp=ygUQcHl0aG9uIHR1dG9yaWFscw%3D%3D,"Educational-programming,python tutorials"
https://www.youtube.com/watch?v=fqF9M92jzUo&pp=ygUQcHl0aG9uIHR1dG9yaWFscw%3D%3D,"Educational-programming,python tutorials"
https://www.youtube.com/watch?v=VchuKL44s6E&pp=ygUQcHl0aG9uIHR1dG9yaWFscw%3D%3D,"Educational-programming,python tutorials"
https://www.youtube.com/watch?v=fM7_w_hgEO8&pp=ygUQcHl0aG9uIHR1dG9yaWFscw%3D%3D,"Educational-programming,python tutorials"
https://www.youtube.com/watch?v=HZARImviDxg&pp=ygUQcHl0aG9uIHR1dG9yaWFscw%3D%3D,"Educational-programming,python tutorials"
https://www.youtube.com/watch?v=GhmBa9tfHCs&pp=ygUQcHl0aG9uIHR1dG9yaWFscw%3D%3D,"Educational-programming,python tutorials"
https://www.youtube.com/watch?v=mziIj4M_uwk&pp=ygUQcHl0aG9uIHR1dG9yaWFscw%3D%3D,"Educational-programming,python tutorials"
https://www.youtube.com/watch?v=kqtD5dpn9C8&pp=ygUQcHl0aG9uIHR1dG9yaWFscw%3D%3D,"Educational-programming,python tutorials"
https://www.youtube.com/watch?v=jTYiNjvnHZY&pp=ygUQcHl0aG9uIHR1dG9yaWFscw%3D%3D,"Educational-programming,python tutorials"
https://www.youtube.com/watch?v=zPFZy6wKhVA&pp=ygUQcHl0aG9uIHR1dG9yaWFscw%3D%3D,"Educational-programming,python tutorials"
https://www.youtube.com/watch?v=LaRQ2hWDNXU&pp=ygUQcHl0aG9uIHR1dG9yaWFscw%3D%3D,"Educational-programming,python tutorials"
https://www.youtube.com/watch?v=4V14G5_CNGg&pp=ygUQcHl0aG9uIHR1dG9yaWFscw%3D%3D,"Educational-programming,python tutorials"
https://www.youtube.com/watch?v=5qOnzF7RsNA&pp=ygUQcHl0aG9uIHR1dG9yaWFscw%3D%3D,"Educational-programming,python tutorials"
https://www.youtube.com/watch?v=DWgzHbglNIo&pp=ygUQcHl0aG9uIHR1dG9yaWFscw%3D%3D,"Educational-programming,python tutorials"
https://www.youtube.com/watch?v=yE9v9rt6ziw&pp=ygUQcHl0aG9uIHR1dG9yaWFscw%3D%3D,"Educational-programming,python tutorials"
https://www.youtube.com/watch?v=NSbOtYzIQI0&pp=ygUQcHl0aG9uIHR1dG9yaWFscw%3D%3D,"Educational-programming,python tutorials"
https://www.youtube.com/watch?v=yNuYiomuy4g&pp=ygUQcHl0aG9uIHR1dG9yaWFscw%3D%3D,"Educational-programming,python tutorials"
https://www.youtube.com/watch?v=kWEbNBXc2-Y&pp=ygUQcHl0aG9uIHR1dG9yaWFscw%3D%3D,"Educational-programming,python tutorials"
https://www.youtube.com/watch?v=j2G68uQtOwM&pp=ygUQcHl0aG9uIHR1dG9yaWFscw%3D%3D,"Educational-programming,python tutorials"
https://www.youtube.com/watch?v=M576WGiDBdQ&pp=ygUQcHl0aG9uIHR1dG9yaWFscw%3D%3D,"Educational-programming,python tutorials"
https://www.youtube.com/watch?v=iJblwyN0c0M&pp=ygUQcHl0aG9uIHR1dG9yaWFscw%3D%3D,"Educational-programming,python tutorials"
https://www.youtube.com/watch?v=Mf7eFtbVxFM&pp=ygUQcHl0aG9uIHR1dG9yaWFscw%3D%3D,"Educational-programming,python tutorials"
https://www.youtube.com/watch?v=HBxCHonP6Ro&pp=ygUQcHl0aG9uIHR1dG9yaWFscw%3D%3D,"Educational-programming,python tutorials"
https://www.youtube.com/watch?v=fr1f84rg4Nw&pp=ygUQcHl0aG9uIHR1dG9yaWFscw%3D%3D,"Educational-programming,python tutorials"
https://www.youtube.com/watch?v=f79MRyMsjrQ&pp=ygUQcHl0aG9uIHR1dG9yaWFscw%3D%3D,"Educational-programming,python tutorials"
https://www.youtube.com/watch?v=0INvoK_T0cE&pp=ygUQcHl0aG9uIHR1dG9yaWFscw%3D%3D,"Educational-programming,python tutorials"
https://www.youtube.com/watch?v=TqPzwenhMj0&pp=ygUQcHl0aG9uIHR1dG9yaWFscw%3D%3D,"Educational-programming,python tutorials"
https://www.youtube.com/watch?v=mRMmlo_Uqcs&pp=ygUQcHl0aG9uIHR1dG9yaWFscw%3D%3D,"Educational-programming,python tutorials"
https://www.youtube.com/watch?v=XGf2GcyHPhc&pp=ygUQcHl0aG9uIHR1dG9yaWFscw%3D%3D,"Educational-programming,python tutorials"
https://www.youtube.com/watch?v=RJWlUyfOy1o&pp=ygUQcHl0aG9uIHR1dG9yaWFscw%3D%3D,"Educational-programming,python tutorials"
https://www.youtube.com/watch?v=eWRfhZUzrAc&pp=ygUQcHl0aG9uIHR1dG9yaWFscw%3D%3D,"Educational-programming,python tutorials"
https://www.youtube.com/watch?v=jABj-SEhtBc&pp=ygUQcHl0aG9uIHR1dG9yaWFscw%3D%3D,"Educational-programming,python tutorials"
https://www.youtube.com/watch?v=0sOvCWFmrtA&pp=ygUQcHl0aG9uIHR1dG9yaWFscw%3D%3D,"Educational-programming,python tutorials"
https://www.youtube.com/watch?v=YJC6ldI3hWk&pp=ygUQcHl0aG9uIHR1dG9yaWFscw%3D%3D,"Educational-programming,python tutorials"
https://www.youtube.com/watch?v=RpseX2ylEuw&pp=ygUQcHl0aG9uIHR1dG9yaWFscw%3D%3D,"Educational-programming,python tutorials"
https://www.youtube.com/watch?v=xErUnOKQbFw&pp=ygUQcHl0aG9uIHR1dG9yaWFscw%3D%3D,"Educational-programming,python tutorials"
https://www.youtube.com/watch?v=PtQiiknWUcI&pp=ygUQcHl0aG9uIHR1dG9yaWFscw%3D%3D,"Educational-programming,python tutorials"
https://www.youtube.com/watch?v=AUCniL8b-70&pp=ygUQcHl0aG9uIHR1dG9yaWFscw%3D%3D,"Educational-programming,python tutorials"
https://www.youtube.com/watch?v=FsAPt_9Bf3U&pp=ygUQcHl0aG9uIHR1dG9yaWFscw%3D%3D,"Educational-programming,python tutorials"
https://www.youtube.com/watch?v=pTT7HMqDnJw&pp=ygUQcHl0aG9uIHR1dG9yaWFscw%3D%3D,"Educational-programming,python tutorials"
https://www.youtube.com/watch?v=v5MR5JnKcZI&pp=ygUQcHl0aG9uIHR1dG9yaWFscw%3D%3D,"Educational-programming,python tutorials"
https://www.youtube.com/watch?v=0MhVkKHYUAY&pp=ygUQcHl0aG9uIHR1dG9yaWFscw%3D%3D,"Educational-programming,python tutorials"
https://www.youtube.com/watch?v=L2moP3Lfefc&pp=ygUQcHl0aG9uIHR1dG9yaWFscw%3D%3D,"Educational-programming,python tutorials"
https://www.youtube.com/watch?v=vusUfPBsggw&pp=ygUQcHl0aG9uIHR1dG9yaWFscw%3D%3D,"Educational-programming,python tutorials"
https://www.youtube.com/watch?v=QXeEoD0pB3E&pp=ygUQcHl0aG9uIHR1dG9yaWFscw%3D%3D,"Educational-programming,python tutorials"
https://www.youtube.com/watch?v=LzYNWme1W6Q&pp=ygUQcHl0aG9uIHR1dG9yaWFscw%3D%3D,"Educational-programming,python tutorials"
https://www.youtube.com/watch?v=LXsdt6RMNfY&pp=ygUQcHl0aG9uIHR1dG9yaWFscw%3D%3D,"Educational-programming,python tutorials"
https://www.youtube.com/watch?v=qxPMmW93eDs&pp=ygUQcHl0aG9uIHR1dG9yaWFscw%3D%3D,"Educational-programming,python tutorials"
https://www.youtube.com/watch?v=YBfYjXOXp5E&pp=ygUQcHl0aG9uIHR1dG9yaWFscw%3D%3D,"Educational-programming,python tutorials"
https://www.youtube.com/watch?v=Ej_02ICOIgs&pp=ygUQcHl0aG9uIHR1dG9yaWFscw%3D%3D,"Educational-programming,python tutorials"
https://www.youtube.com/watch?v=LHBE6Q9XlzI&pp=ygUQcHl0aG9uIHR1dG9yaWFscw%3D%3D,"Educational-programming,python tutorials"
https://www.youtube.com/watch?v=lFlKyGygoW0&pp=ygUQcHl0aG9uIHR1dG9yaWFscw%3D%3D,"Educational-programming,python tutorials"
https://www.youtube.com/watch?v=vP-NgPxx8PU&pp=ygUQcHl0aG9uIHR1dG9yaWFscw%3D%3D,"Educational-programming,python tutorials"
https://www.youtube.com/watch?v=94UHCEmprCY&pp=ygUQcHl0aG9uIHR1dG9yaWFscw%3D%3D,"Educational-programming,python tutorials"
https://www.youtube.com/watch?v=ZDa-Z5JzLYM&pp=ygUQcHl0aG9uIHR1dG9yaWFscw%3D%3D,"Educational-programming,python tutorials"
https://www.youtube.com/watch?v=Z1Yd7upQsXY&pp=ygUQcHl0aG9uIHR1dG9yaWFscw%3D%3D,"Educational-programming,python tutorials"
https://www.youtube.com/watch?v=QJtuhoOfGp0&pp=ygUQcHl0aG9uIHR1dG9yaWFscw%3D%3D,"Educational-programming,python tutorials"
https://www.youtube.com/watch?v=jBzwzrDvZ18&pp=ygUQcHl0aG9uIHR1dG9yaWFscw%3D%3D,"Educational-programming,python tutorials"
https://www.youtube.com/watch?v=uJGIp1SwG1g&pp=ygUQcHl0aG9uIHR1dG9yaWFscw%3D%3D,"Educational-programming,python tutorials"
https://www.youtube.com/watch?v=BVfCWuca9nw&pp=ygUQcHl0aG9uIHR1dG9yaWFscw%3D%3D,"Educational-programming,python tutorials"
https://www.youtube.com/watch?v=Ogild8PjK6c&pp=ygUQcHl0aG9uIHR1dG9yaWFscw%3D%3D,"Educational-programming,python tutorials"
https://www.youtube.com/watch?v=l1nmr3QeohI&pp=ygUQcHl0aG9uIHR1dG9yaWFscw%3D%3D,"Educational-programming,python tutorials"
https://www.youtube.com/watch?v=nxjwB8up2gI&pp=ygUQcHl0aG9uIHR1dG9yaWFscw%3D%3D,"Educational-programming,python tutorials"
https://www.youtube.com/watch?v=YXPyB4XeYLA&pp=ygUQcHl0aG9uIHR1dG9yaWFscw%3D%3D,"Educational-programming,python tutorials"
https://www.youtube.com/watch?v=WpF6azYAxYg&pp=ygUQcHl0aG9uIHR1dG9yaWFscw%3D%3D,"Educational-programming,python tutorials"
https://www.youtube.com/watch?v=WEm3EUdicDg&pp=ygUQcHl0aG9uIHR1dG9yaWFscw%3D%3D,"Educational-programming,python tutorials"
https://www.youtube.com/watch?v=DInMru2Eq6E&pp=ygUQcHl0aG9uIHR1dG9yaWFscw%3D%3D,"Educational-programming,python tutorials"
https://www.youtube.com/watch?v=XCKWZAtKTnU&pp=ygUQcHl0aG9uIHR1dG9yaWFscw%3D%3D,"Educational-programming,python tutorials"
https://www.youtube.com/watch?v=OdtVdjtONb4&pp=ygUQcHl0aG9uIHR1dG9yaWFscw%3D%3D,"Educational-programming,python tutorials"
https://www.youtube.com/watch?v=ZxMB6Njs3ck&pp=ygUQcHl0aG9uIHR1dG9yaWFscw%3D%3D,"Educational-programming,python tutorials"
https://www.youtube.com/watch?v=3vsC05rxZ8c&pp=ygUQcHl0aG9uIHR1dG9yaWFscw%3D%3D,"Educational-programming,python tutorials"
https://www.youtube.com/watch?v=YfO28Ihehbk&pp=ygUQcHl0aG9uIHR1dG9yaWFscw%3D%3D,"Educational-programming,python tutorials"
https://www.youtube.com/watch?v=fhZnoW_aP5c&pp=ygUQcHl0aG9uIHR1dG9yaWFscw%3D%3D,"Educational-programming,python tutorials"
https://www.youtube.com/watch?v=eTyI-M50Hu4&pp=ygUQcHl0aG9uIHR1dG9yaWFscw%3D%3D,"Educational-programming,python tutorials"
https://www.youtube.com/watch?v=AY9MnQ4x3zk&pp=ygUQcHl0aG9uIHR1dG9yaWFscw%3D%3D,"Educational-programming,python tutorials"
https://www.youtube.com/watch?v=AVHqSRMxwPI&pp=ygUQcHl0aG9uIHR1dG9yaWFscw%3D%3D,"Educational-programming,python tutorials"
https://www.youtube.com/watch?v=N0lxfilGfak&pp=ygUQcHl0aG9uIHR1dG9yaWFscw%3D%3D,"Educational-programming,python tutorials"
https://www.youtube.com/watch?v=sCOw5y1RQpY&pp=ygUQcHl0aG9uIHR1dG9yaWFscw%3D%3D,"Educational-programming,python tutorials"
https://www.youtube.com/watch?v=_OZIAHg5i7M&pp=ygUQcHl0aG9uIHR1dG9yaWFscw%3D%3D,"Educational-programming,python tutorials"
https://www.youtube.com/watch?v=th4OBktqK1I&pp=ygUQcHl0aG9uIHR1dG9yaWFscw%3D%3D,"Educational-programming,python tutorials"
https://www.youtube.com/watch?v=t8pPdKYpowI&pp=ygUQcHl0aG9uIHR1dG9yaWFscw%3D%3D,"Educational-programming,python tutorials"
https://www.youtube.com/watch?v=apACNr7DC_s&pp=ygUQcHl0aG9uIHR1dG9yaWFscw%3D%3D,"Educational-programming,python tutorials"
https://www.youtube.com/watch?v=4F2m91eKmts&pp=ygUQcHl0aG9uIHR1dG9yaWFscw%3D%3D,"Educational-programming,python tutorials"
https://www.youtube.com/watch?v=K8L6KVGG-7o&pp=ygUQcHl0aG9uIHR1dG9yaWFscw%3D%3D,"Educational-programming,python tutorials"
https://www.youtube.com/watch?v=NE97ylAnrz4&pp=ygUQcHl0aG9uIHR1dG9yaWFscw%3D%3D,"Educational-programming,python tutorials"
https://www.youtube.com/watch?v=6a39OjkCN5I&pp=ygUQcHl0aG9uIHR1dG9yaWFscw%3D%3D,"Educational-programming,python tutorials"
https://www.youtube.com/watch?v=5mJ_Qftw2_0&pp=ygUQcHl0aG9uIHR1dG9yaWFscw%3D%3D,"Educational-programming,python tutorials"
https://www.youtube.com/watch?v=H1elmMBnykA&pp=ygUQcHl0aG9uIHR1dG9yaWFscw%3D%3D,"Educational-programming,python tutorials"
https://www.youtube.com/watch?v=BMGKxfNwdDU&pp=ygUQcHl0aG9uIHR1dG9yaWFscw%3D%3D,"Educational-programming,python tutorials"
https://www.youtube.com/watch?v=vaysJAMDaZw&pp=ygUQcHl0aG9uIHR1dG9yaWFscw%3D%3D,"Educational-programming,python tutorials"
https://www.youtube.com/watch?v=yBDHkveJUf4&pp=ygUQcHl0aG9uIHR1dG9yaWFscw%3D%3D,"Educational-programming,python tutorials"
https://www.youtube.com/watch?v=W8KRzm-HUcc&pp=ygUQcHl0aG9uIHR1dG9yaWFscw%3D%3D,"Educational-programming,python tutorials"
https://www.youtube.com/watch?v=sxTmJE4k0ho&pp=ygUQcHl0aG9uIHR1dG9yaWFscw%3D%3D,"Educational-programming,python tutorials"
https://www.youtube.com/watch?v=X6bFJI9r-mM&pp=ygUQcHl0aG9uIHR1dG9yaWFscw%3D%3D,"Educational-programming,python tutorials"
https://www.youtube.com/watch?v=khJDn6hUPXE&pp=ygUQcHl0aG9uIHR1dG9yaWFscw%3D%3D,"Educational-programming,python tutorials"
https://www.youtube.com/watch?v=mop6g-c5HEY&pp=ygUQcHl0aG9uIHR1dG9yaWFscw%3D%3D,"Educational-programming,python tutorials"
https://www.youtube.com/watch?v=vmEHCJofslg&pp=ygUQcHl0aG9uIHR1dG9yaWFscw%3D%3D,"Educational-programming,python tutorials"
https://www.youtube.com/watch?v=mJEpimi_tFo&pp=ygUQcHl0aG9uIHR1dG9yaWFscw%3D%3D,"Educational-programming,python tutorials"
https://www.youtube.com/watch?v=R2G7xQymBCs&pp=ygUQcHl0aG9uIHR1dG9yaWFscw%3D%3D,"Educational-programming,python tutorials"
https://www.youtube.com/watch?v=wfcWRAxRVBA&pp=ygUQcHl0aG9uIHR1dG9yaWFscw%3D%3D,"Educational-programming,python tutorials"
https://www.youtube.com/watch?v=aSGF4jozhvQ&pp=ygUQcHl0aG9uIHR1dG9yaWFscw%3D%3D,"Educational-programming,python tutorials"
https://www.youtube.com/watch?v=EyEqWFvLDT8&pp=ygUQcHl0aG9uIHR1dG9yaWFscw%3D%3D,"Educational-programming,python tutorials"
https://www.youtube.com/watch?v=lygaoUnJKF4&pp=ygUQcHl0aG9uIHR1dG9yaWFscw%3D%3D,"Educational-programming,python tutorials"
