https://www.youtube.com/watch?v=B31LgI4Y4DQ&pp=ygULYyB0dXRvcmlhbHM%3D,"Educational-programming,c tutorials"
https://www.youtube.com/watch?v=TY_19Vnr8r0&pp=ygULYyB0dXRvcmlhbHM%3D,"Educational-programming,c tutorials"
https://www.youtube.com/watch?v=vUsiWt7PHdQ&pp=ygULYyB0dXRvcmlhbHM%3D,"Educational-programming,c tutorials"
https://www.youtube.com/watch?v=irqbmMNs2Bo&pp=ygULYyB0dXRvcmlhbHM%3D,"Educational-programming,c tutorials"
https://www.youtube.com/watch?v=ExpCgbr67hE&pp=ygULYyB0dXRvcmlhbHM%3D,"Educational-programming,c tutorials"
https://www.youtube.com/watch?v=vl794HKeXug&pp=ygULYyB0dXRvcmlhbHM%3D,"Educational-programming,c tutorials"
https://www.youtube.com/watch?v=ByYn87EK50w&pp=ygULYyB0dXRvcmlhbHM%3D,"Educational-programming,c tutorials"
https://www.youtube.com/watch?v=4gwYkEK0gOk&pp=ygULYyB0dXRvcmlhbHM%3D,"Educational-programming,c tutorials"
https://www.youtube.com/watch?v=i3SWaOhjPCY&pp=ygULYyB0dXRvcmlhbHM%3D,"Educational-programming,c tutorials"
https://www.youtube.com/watch?v=BeVQ8YmgBRQ&pp=ygULYyB0dXRvcmlhbHM%3D,"Educational-programming,c tutorials"
https://www.youtube.com/watch?v=si-KFFOW2gw&pp=ygULYyB0dXRvcmlhbHM%3D,"Educational-programming,c tutorials"
https://www.youtube.com/watch?v=8jLOx1hD3_o&pp=ygULYyB0dXRvcmlhbHM%3D,"Educational-programming,c tutorials"
https://www.youtube.com/watch?v=l95bpK7RSS0&pp=ygULYyB0dXRvcmlhbHM%3D,"Educational-programming,c tutorials"
https://www.youtube.com/watch?v=ssJY5MDLjlo&pp=ygULYyB0dXRvcmlhbHM%3D,"Educational-programming,c tutorials"
https://www.youtube.com/watch?v=PrVOM7M5nEY&pp=ygULYyB0dXRvcmlhbHM%3D,"Educational-programming,c tutorials"
https://www.youtube.com/watch?v=fmyRqhaqFXA&pp=ygULYyB0dXRvcmlhbHM%3D,"Educational-programming,c tutorials"
https://www.youtube.com/watch?v=FGglX_9YJBY&pp=ygULYyB0dXRvcmlhbHM%3D,"Educational-programming,c tutorials"
https://www.youtube.com/watch?v=mIY3QVktHU8&pp=ygULYyB0dXRvcmlhbHM%3D,"Educational-programming,c tutorials"
https://www.youtube.com/watch?v=nZnMH5x6PfQ&pp=ygULYyB0dXRvcmlhbHM%3D,"Educational-programming,c tutorials"
https://www.youtube.com/watch?v=ojhbmh5SJsw&pp=ygULYyB0dXRvcmlhbHM%3D,"Educational-programming,c tutorials"
https://www.youtube.com/watch?v=NyT9vvSBoeo&pp=ygULYyB0dXRvcmlhbHM%3D,"Educational-programming,c tutorials"
https://www.youtube.com/watch?v=oTEiQx88B2U&pp=ygULYyB0dXRvcmlhbHM%3D,"Educational-programming,c tutorials"
https://www.youtube.com/watch?v=ZSPZob_1TOk&pp=ygULYyB0dXRvcmlhbHM%3D,"Educational-programming,c tutorials"
https://www.youtube.com/watch?v=BSaF8KxnoLY&pp=ygULYyB0dXRvcmlhbHM%3D,"Educational-programming,c tutorials"
https://www.youtube.com/watch?v=nrbBmoINqtk&pp=ygULYyB0dXRvcmlhbHM%3D,"Educational-programming,c tutorials"
https://www.youtube.com/watch?v=9xCskNFVt2c&pp=ygULYyB0dXRvcmlhbHM%3D,"Educational-programming,c tutorials"
https://www.youtube.com/watch?v=q_F4PyW8GTg&pp=ygULYyB0dXRvcmlhbHM%3D,"Educational-programming,c tutorials"
https://www.youtube.com/watch?v=eECU4xVP8AU&pp=ygULYyB0dXRvcmlhbHM%3D,"Educational-programming,c tutorials"
https://www.youtube.com/watch?v=vLnPwxZdW4Y&pp=ygULYyB0dXRvcmlhbHM%3D,"Educational-programming,c tutorials"
https://www.youtube.com/watch?v=KYxLEDF6kjs&pp=ygULYyB0dXRvcmlhbHM%3D,"Educational-programming,c tutorials"
https://www.youtube.com/watch?v=gfmRrPjnEw4&pp=ygULYyB0dXRvcmlhbHM%3D,"Educational-programming,c tutorials"
https://www.youtube.com/watch?v=XaQ6MIw5LkM&pp=ygULYyB0dXRvcmlhbHM%3D,"Educational-programming,c tutorials"
https://www.youtube.com/watch?v=Bz4MxDeEM6k&pp=ygULYyB0dXRvcmlhbHM%3D,"Educational-programming,c tutorials"
https://www.youtube.com/watch?v=0Sg6QHmlFJE&pp=ygULYyB0dXRvcmlhbHM%3D,"Educational-programming,c tutorials"
https://www.youtube.com/watch?v=wgJ1OrvOWGs&pp=ygULYyB0dXRvcmlhbHM%3D,"Educational-programming,c tutorials"
https://www.youtube.com/watch?v=C4xIs9TLU1E&pp=ygULYyB0dXRvcmlhbHM%3D,"Educational-programming,c tutorials"
https://www.youtube.com/watch?v=wxznTygnRfQ&pp=ygULYyB0dXRvcmlhbHM%3D,"Educational-programming,c tutorials"
https://www.youtube.com/watch?v=ix5jPkxsr7M&pp=ygULYyB0dXRvcmlhbHM%3D,"Educational-programming,c tutorials"
https://www.youtube.com/watch?v=sym-InhLOMY&pp=ygULYyB0dXRvcmlhbHM%3D,"Educational-programming,c tutorials"
https://www.youtube.com/watch?v=xH3xMZt6Fho&pp=ygULYyB0dXRvcmlhbHM%3D,"Educational-programming,c tutorials"
https://www.youtube.com/watch?v=eKqY-oP1d_Y&pp=ygULYyB0dXRvcmlhbHM%3D,"Educational-programming,c tutorials"
https://www.youtube.com/watch?v=7nEelMofmKk&pp=ygULYyB0dXRvcmlhbHM%3D,"Educational-programming,c tutorials"
https://www.youtube.com/watch?v=egUyaWtsQc0&pp=ygULYyB0dXRvcmlhbHM%3D,"Educational-programming,c tutorials"
https://www.youtube.com/watch?v=TenfEct8AxM&pp=ygULYyB0dXRvcmlhbHM%3D,"Educational-programming,c tutorials"
https://www.youtube.com/watch?v=oi1ffu6lBXE&pp=ygULYyB0dXRvcmlhbHM%3D,"Educational-programming,c tutorials"
https://www.youtube.com/watch?v=_MF8L7ZxwRE&pp=ygULYyB0dXRvcmlhbHM%3D,"Educational-programming,c tutorials"
https://www.youtube.com/watch?v=X3X0JsshY4k&pp=ygULYyB0dXRvcmlhbHM%3D,"Educational-programming,c tutorials"
https://www.youtube.com/watch?v=CPjZKsUYSXg&pp=ygULYyB0dXRvcmlhbHM%3D,"Educational-programming,c tutorials"
https://www.youtube.com/watch?v=GIqcZXtqh_U&pp=ygULYyB0dXRvcmlhbHM%3D,"Educational-programming,c tutorials"
https://www.youtube.com/watch?v=nXvy5900m3M&pp=ygULYyB0dXRvcmlhbHM%3D,"Educational-programming,c tutorials"
https://www.youtube.com/watch?v=dYGgm_55Whg&pp=ygULYyB0dXRvcmlhbHM%3D,"Educational-programming,c tutorials"
https://www.youtube.com/watch?v=E8weUIY2-iw&pp=ygULYyB0dXRvcmlhbHM%3D,"Educational-programming,c tutorials"
https://www.youtube.com/watch?v=ryOa1pm7-_8&pp=ygULYyB0dXRvcmlhbHM%3D,"Educational-programming,c tutorials"
https://www.youtube.com/watch?v=jGD0vn-QIkg&pp=ygULYyB0dXRvcmlhbHM%3D,"Educational-programming,c tutorials"
https://www.youtube.com/watch?v=BHS4iA7bsDk&pp=ygULYyB0dXRvcmlhbHM%3D,"Educational-programming,c tutorials"
https://www.youtube.com/watch?v=zJusMO3JvG4&pp=ygULYyB0dXRvcmlhbHM%3D,"Educational-programming,c tutorials"
https://www.youtube.com/watch?v=mzYEIYiO1QU&pp=ygULYyB0dXRvcmlhbHM%3D,"Educational-programming,c tutorials"
https://www.youtube.com/watch?v=HME2SrWWSYk&pp=ygULYyB0dXRvcmlhbHM%3D,"Educational-programming,c tutorials"
https://www.youtube.com/watch?v=57WZGhqhbxg&pp=ygULYyB0dXRvcmlhbHM%3D,"Educational-programming,c tutorials"
https://www.youtube.com/watch?v=qH7m9ik3ILs&pp=ygULYyB0dXRvcmlhbHM%3D,"Educational-programming,c tutorials"
https://www.youtube.com/watch?v=EjavYOFoJJ0&pp=ygULYyB0dXRvcmlhbHM%3D,"Educational-programming,c tutorials"
https://www.youtube.com/watch?v=RyRo8eVsrlU&pp=ygULYyB0dXRvcmlhbHM%3D,"Educational-programming,c tutorials"
https://www.youtube.com/watch?v=HucJhUkDJuk&pp=ygULYyB0dXRvcmlhbHM%3D,"Educational-programming,c tutorials"
https://www.youtube.com/watch?v=LSJi260o6n4&pp=ygULYyB0dXRvcmlhbHM%3D,"Educational-programming,c tutorials"
https://www.youtube.com/watch?v=55lEuBLBTB8&pp=ygULYyB0dXRvcmlhbHM%3D,"Educational-programming,c tutorials"
https://www.youtube.com/watch?v=JcKsBE85hmM&pp=ygULYyB0dXRvcmlhbHM%3D,"Educational-programming,c tutorials"
https://www.youtube.com/watch?v=ldGF6NVzo3E&pp=ygULYyB0dXRvcmlhbHM%3D,"Educational-programming,c tutorials"
https://www.youtube.com/watch?v=wKoGImLA2KA&pp=ygULYyB0dXRvcmlhbHM%3D,"Educational-programming,c tutorials"
https://www.youtube.com/watch?v=gfkTfcpWqAY&pp=ygULYyB0dXRvcmlhbHM%3D,"Educational-programming,c tutorials"
https://www.youtube.com/watch?v=sNMtjs_wQiE&pp=ygULYyB0dXRvcmlhbHM%3D,"Educational-programming,c tutorials"
https://www.youtube.com/watch?v=7Dh73z3icd8&pp=ygULYyB0dXRvcmlhbHM%3D,"Educational-programming,c tutorials"
https://www.youtube.com/watch?v=C5GCFEMcIGQ&pp=ygULYyB0dXRvcmlhbHM%3D,"Educational-programming,c tutorials"
https://www.youtube.com/watch?v=wMI2k951nqs&pp=ygULYyB0dXRvcmlhbHM%3D,"Educational-programming,c tutorials"
https://www.youtube.com/watch?v=ZzaPdXTrSb8&pp=ygULYyB0dXRvcmlhbHM%3D,"Educational-programming,c tutorials"
https://www.youtube.com/watch?v=p09i_hoFdd0&pp=ygULYyB0dXRvcmlhbHM%3D,"Educational-programming,c tutorials"
https://www.youtube.com/watch?v=clIcH1ALHMw&pp=ygULYyB0dXRvcmlhbHM%3D,"Educational-programming,c tutorials"
https://www.youtube.com/watch?v=A0BBp-sKTeg&pp=ygULYyB0dXRvcmlhbHM%3D,"Educational-programming,c tutorials"
https://www.youtube.com/watch?v=5nmGmYsOzgY&pp=ygULYyB0dXRvcmlhbHM%3D,"Educational-programming,c tutorials"
https://www.youtube.com/watch?v=7lsqAXmBTGE&pp=ygULYyB0dXRvcmlhbHM%3D,"Educational-programming,c tutorials"
https://www.youtube.com/watch?v=EktEEZB8OI4&pp=ygULYyB0dXRvcmlhbHM%3D,"Educational-programming,c tutorials"
https://www.youtube.com/watch?v=U_w-RfMrX18&pp=ygULYyB0dXRvcmlhbHM%3D,"Educational-programming,c tutorials"
https://www.youtube.com/watch?v=_FFRRMEXdBU&pp=ygULYyB0dXRvcmlhbHM%3D,"Educational-programming,c tutorials"
https://www.youtube.com/watch?v=wYvrBXUfFfw&pp=ygULYyB0dXRvcmlhbHM%3D,"Educational-programming,c tutorials"
https://www.youtube.com/watch?v=dTp0c41XnrQ&pp=ygULYyB0dXRvcmlhbHM%3D,"Educational-programming,c tutorials"
https://www.youtube.com/watch?v=dqa0KMSMx2w&pp=ygULYyB0dXRvcmlhbHM%3D,"Educational-programming,c tutorials"
https://www.youtube.com/watch?v=E6jtj-7xJoA&pp=ygULYyB0dXRvcmlhbHM%3D,"Educational-programming,c tutorials"
https://www.youtube.com/watch?v=5SIBB589fAg&pp=ygULYyB0dXRvcmlhbHM%3D,"Educational-programming,c tutorials"
https://www.youtube.com/watch?v=stsfIQQqLCw&pp=ygULYyB0dXRvcmlhbHM%3D,"Educational-programming,c tutorials"
https://www.youtube.com/watch?v=KJgsSFOSQv0&pp=ygULYyB0dXRvcmlhbHM%3D,"Educational-programming,c tutorials"
https://www.youtube.com/watch?v=8Uuhqri-Ejk&pp=ygULYyB0dXRvcmlhbHM%3D,"Educational-programming,c tutorials"
https://www.youtube.com/watch?v=l-bHUneX3pg&pp=ygULYyB0dXRvcmlhbHM%3D,"Educational-programming,c tutorials"
https://www.youtube.com/watch?v=cuh-5AE0AHs&pp=ygULYyB0dXRvcmlhbHM%3D,"Educational-programming,c tutorials"
https://www.youtube.com/watch?v=KZR_UUcOyrg&pp=ygULYyB0dXRvcmlhbHM%3D,"Educational-programming,c tutorials"
https://www.youtube.com/watch?v=qJfP6-_P_x8&pp=ygULYyB0dXRvcmlhbHM%3D,"Educational-programming,c tutorials"
https://www.youtube.com/watch?v=_FOkG5D4NBo&pp=ygULYyB0dXRvcmlhbHM%3D,"Educational-programming,c tutorials"
https://www.youtube.com/watch?v=sB7YGSbAIvQ&pp=ygULYyB0dXRvcmlhbHM%3D,"Educational-programming,c tutorials"
https://www.youtube.com/watch?v=Wq_VtupTJes&pp=ygULYyB0dXRvcmlhbHM%3D,"Educational-programming,c tutorials"
https://www.youtube.com/watch?v=McojvctVsUs&pp=ygULYyB0dXRvcmlhbHM%3D,"Educational-programming,c tutorials"
https://www.youtube.com/watch?v=6S5KRJv-7RU&pp=ygULYyB0dXRvcmlhbHM%3D,"Educational-programming,c tutorials"
https://www.youtube.com/watch?v=3JF7ndGauZk&pp=ygULYyB0dXRvcmlhbHM%3D,"Educational-programming,c tutorials"
https://www.youtube.com/watch?v=CSJLuARmzg0&pp=ygULYyB0dXRvcmlhbHM%3D,"Educational-programming,c tutorials"
https://www.youtube.com/watch?v=JvUguXeRgyk&pp=ygULYyB0dXRvcmlhbHM%3D,"Educational-programming,c tutorials"
https://www.youtube.com/watch?v=iviYixpXUm8&pp=ygULYyB0dXRvcmlhbHM%3D,"Educational-programming,c tutorials"
https://www.youtube.com/watch?v=E68uezDkQxc&pp=ygULYyB0dXRvcmlhbHM%3D,"Educational-programming,c tutorials"
https://www.youtube.com/watch?v=wR_SHkqDhcc&pp=ygULYyB0dXRvcmlhbHM%3D,"Educational-programming,c tutorials"
https://www.youtube.com/watch?v=Npo1u37lcg8&pp=ygULYyB0dXRvcmlhbHM%3D,"Educational-programming,c tutorials"
https://www.youtube.com/watch?v=yOyaJXpAYZQ&pp=ygULYyB0dXRvcmlhbHM%3D,"Educational-programming,c tutorials"
https://www.youtube.com/watch?v=A_IgufxmIHk&pp=ygULYyB0dXRvcmlhbHM%3D,"Educational-programming,c tutorials"
https://www.youtube.com/watch?v=gt9YPl6O9ZM&pp=ygULYyB0dXRvcmlhbHM%3D,"Educational-programming,c tutorials"
https://www.youtube.com/watch?v=lMvFWKHhVZ0&pp=ygULYyB0dXRvcmlhbHM%3D,"Educational-programming,c tutorials"
https://www.youtube.com/watch?v=_bQ5_RvKoVU&pp=ygULYyB0dXRvcmlhbHM%3D,"Educational-programming,c tutorials"
https://www.youtube.com/watch?v=aS3_7riLVYk&pp=ygULYyB0dXRvcmlhbHM%3D,"Educational-programming,c tutorials"
https://www.youtube.com/watch?v=oWTnLzWkF5w&pp=ygULYyB0dXRvcmlhbHM%3D,"Educational-programming,c tutorials"
https://www.youtube.com/watch?v=5Bn8h6Id14U&pp=ygULYyB0dXRvcmlhbHM%3D,"Educational-programming,c tutorials"
https://www.youtube.com/watch?v=MJ2N2CjHb4U&pp=ygULYyB0dXRvcmlhbHM%3D,"Educational-programming,c tutorials"
https://www.youtube.com/watch?v=l0qvxPPISuY&pp=ygULYyB0dXRvcmlhbHM%3D,"Educational-programming,c tutorials"
https://www.youtube.com/watch?v=U8_8fTODn5g&pp=ygULYyB0dXRvcmlhbHM%3D,"Educational-programming,c tutorials"
https://www.youtube.com/watch?v=WJznertdKXg&pp=ygULYyB0dXRvcmlhbHM%3D,"Educational-programming,c tutorials"
https://www.youtube.com/watch?v=NtYHC1KNGoc&pp=ygULYyB0dXRvcmlhbHM%3D,"Educational-programming,c tutorials"
https://www.youtube.com/watch?v=M5ugY7fWydE&pp=ygULYyB0dXRvcmlhbHM%3D,"Educational-programming,c tutorials"
https://www.youtube.com/watch?v=8LjPNYOxrVQ&pp=ygULYyB0dXRvcmlhbHM%3D,"Educational-programming,c tutorials"
https://www.youtube.com/watch?v=pDmEYRhyusU&pp=ygULYyB0dXRvcmlhbHM%3D,"Educational-programming,c tutorials"
https://www.youtube.com/watch?v=IGuoF98qEG0&pp=ygULYyB0dXRvcmlhbHM%3D,"Educational-programming,c tutorials"
https://www.youtube.com/watch?v=_bYFu9mBnr4&pp=ygULYyB0dXRvcmlhbHM%3D,"Educational-programming,c tutorials"
https://www.youtube.com/watch?v=14BL_FwQCpM&pp=ygULYyB0dXRvcmlhbHM%3D,"Educational-programming,c tutorials"
https://www.youtube.com/watch?v=-TkoO8Z07hI&pp=ygULYyB0dXRvcmlhbHM%3D,"Educational-programming,c tutorials"
https://www.youtube.com/watch?v=Bjzfag1zZPg&pp=ygULYyB0dXRvcmlhbHM%3D,"Educational-programming,c tutorials"
https://www.youtube.com/watch?v=n7g4keSd0kk&pp=ygULYyB0dXRvcmlhbHM%3D,"Educational-programming,c tutorials"
https://www.youtube.com/watch?v=R0qIYWo8igs&pp=ygULYyB0dXRvcmlhbHM%3D,"Educational-programming,c tutorials"
https://www.youtube.com/watch?v=i0ovgS-jCQ8&pp=ygULYyB0dXRvcmlhbHM%3D,"Educational-programming,c tutorials"
https://www.youtube.com/watch?v=SFo205wqn8w&pp=ygULYyB0dXRvcmlhbHM%3D,"Educational-programming,c tutorials"
https://www.youtube.com/watch?v=GQp1zzTwrIg&pp=ygULYyB0dXRvcmlhbHM%3D,"Educational-programming,c tutorials"
https://www.youtube.com/watch?v=7tfh5K1PN7c&pp=ygULYyB0dXRvcmlhbHM%3D,"Educational-programming,c tutorials"
https://www.youtube.com/watch?v=87SH2Cn0s9A&pp=ygULYyB0dXRvcmlhbHM%3D,"Educational-programming,c tutorials"
https://www.youtube.com/watch?v=fz7bgZC7J8g&pp=ygULYyB0dXRvcmlhbHM%3D,"Educational-programming,c tutorials"
https://www.youtube.com/watch?v=gEJBFKDkqTE&pp=ygULYyB0dXRvcmlhbHM%3D,"Educational-programming,c tutorials"
https://www.youtube.com/watch?v=RhTTvJ95Knc&pp=ygULYyB0dXRvcmlhbHM%3D,"Educational-programming,c tutorials"
https://www.youtube.com/watch?v=1uR4tL-OSNI&pp=ygULYyB0dXRvcmlhbHM%3D,"Educational-programming,c tutorials"
https://www.youtube.com/watch?v=-CpG3oATGIs&pp=ygULYyB0dXRvcmlhbHM%3D,"Educational-programming,c tutorials"
https://www.youtube.com/watch?v=iGenyxwahTw&pp=ygULYyB0dXRvcmlhbHM%3D,"Educational-programming,c tutorials"
https://www.youtube.com/watch?v=DDQaAvtP19k&pp=ygULYyB0dXRvcmlhbHM%3D,"Educational-programming,c tutorials"
https://www.youtube.com/watch?v=2ybLD6_2gKM&pp=ygULYyB0dXRvcmlhbHM%3D,"Educational-programming,c tutorials"
https://www.youtube.com/watch?v=P21UHYVWcXs&pp=ygULYyB0dXRvcmlhbHM%3D,"Educational-programming,c tutorials"
https://www.youtube.com/watch?v=HJx7fHNdLfM&pp=ygULYyB0dXRvcmlhbHM%3D,"Educational-programming,c tutorials"
https://www.youtube.com/watch?v=6Dl_gkr0Lmw&pp=ygULYyB0dXRvcmlhbHM%3D,"Educational-programming,c tutorials"
https://www.youtube.com/watch?v=9s29LKfEFjQ&pp=ygULYyB0dXRvcmlhbHM%3D,"Educational-programming,c tutorials"
https://www.youtube.com/watch?v=f--fD8Y0RnA&pp=ygULYyB0dXRvcmlhbHM%3D,"Educational-programming,c tutorials"
https://www.youtube.com/watch?v=XETsCR2bXJI&pp=ygULYyB0dXRvcmlhbHM%3D,"Educational-programming,c tutorials"
https://www.youtube.com/watch?v=_N6j8HXPt2U&pp=ygULYyB0dXRvcmlhbHM%3D,"Educational-programming,c tutorials"
https://www.youtube.com/watch?v=rQoqCP7LX60&pp=ygULYyB0dXRvcmlhbHM%3D,"Educational-programming,c tutorials"
https://www.youtube.com/watch?v=j-_s8f5K30I&pp=ygULYyB0dXRvcmlhbHM%3D,"Educational-programming,c tutorials"
https://www.youtube.com/watch?v=Wa-kgmSLls4&pp=ygULYyB0dXRvcmlhbHM%3D,"Educational-programming,c tutorials"
https://www.youtube.com/watch?v=oYuRtXcwXqw&pp=ygULYyB0dXRvcmlhbHM%3D,"Educational-programming,c tutorials"
https://www.youtube.com/watch?v=aWKJ5lRgI3U&pp=ygULYyB0dXRvcmlhbHM%3D,"Educational-programming,c tutorials"
https://www.youtube.com/watch?v=VSEnzzjAm0c&pp=ygULYyB0dXRvcmlhbHM%3D,"Educational-programming,c tutorials"
https://www.youtube.com/watch?v=T3MusSv2zBQ&pp=ygULYyB0dXRvcmlhbHM%3D,"Educational-programming,c tutorials"
https://www.youtube.com/watch?v=2GDiXG5RfNE&pp=ygULYyB0dXRvcmlhbHM%3D,"Educational-programming,c tutorials"
https://www.youtube.com/watch?v=5klco_okkfU&pp=ygULYyB0dXRvcmlhbHM%3D,"Educational-programming,c tutorials"
https://www.youtube.com/watch?v=U3aXWizDbQ4&pp=ygULYyB0dXRvcmlhbHM%3D,"Educational-programming,c tutorials"
https://www.youtube.com/watch?v=ILlU1Z6Didg&pp=ygULYyB0dXRvcmlhbHM%3D,"Educational-programming,c tutorials"
https://www.youtube.com/watch?v=Kwye58pHhxE&pp=ygULYyB0dXRvcmlhbHM%3D,"Educational-programming,c tutorials"
https://www.youtube.com/watch?v=KlEsZLmvdvU&pp=ygULYyB0dXRvcmlhbHM%3D,"Educational-programming,c tutorials"
https://www.youtube.com/watch?v=TxWKGhF9KdM&pp=ygULYyB0dXRvcmlhbHM%3D,"Educational-programming,c tutorials"
https://www.youtube.com/watch?v=rLf3jnHxSmU&pp=ygULYyB0dXRvcmlhbHM%3D,"Educational-programming,c tutorials"
https://www.youtube.com/watch?v=IBjGjDbwxSg&pp=ygULYyB0dXRvcmlhbHM%3D,"Educational-programming,c tutorials"
https://www.youtube.com/watch?v=YXcgD8hRHYY&pp=ygULYyB0dXRvcmlhbHM%3D,"Educational-programming,c tutorials"
https://www.youtube.com/watch?v=JAy56OH58Y4&pp=ygULYyB0dXRvcmlhbHM%3D,"Educational-programming,c tutorials"
https://www.youtube.com/watch?v=BkzPdgdxWBY&pp=ygULYyB0dXRvcmlhbHM%3D,"Educational-programming,c tutorials"
https://www.youtube.com/watch?v=AMU3xDnECsU&pp=ygULYyB0dXRvcmlhbHM%3D,"Educational-programming,c tutorials"
https://www.youtube.com/watch?v=zuegQmMdy8M&pp=ygULYyB0dXRvcmlhbHM%3D,"Educational-programming,c tutorials"
https://www.youtube.com/watch?v=IFayQioG71A&pp=ygULYyB0dXRvcmlhbHM%3D,"Educational-programming,c tutorials"
https://www.youtube.com/watch?v=FefABtU6SYk&pp=ygULYyB0dXRvcmlhbHM%3D,"Educational-programming,c tutorials"
https://www.youtube.com/watch?v=DOHD-8smkTs&pp=ygULYyB0dXRvcmlhbHM%3D,"Educational-programming,c tutorials"
https://www.youtube.com/watch?v=Sl6WZha_K30&pp=ygULYyB0dXRvcmlhbHM%3D,"Educational-programming,c tutorials"
https://www.youtube.com/watch?v=TT16OTNPyEk&pp=ygULYyB0dXRvcmlhbHM%3D,"Educational-programming,c tutorials"
https://www.youtube.com/watch?v=q1ZmFc-sqNc&pp=ygULYyB0dXRvcmlhbHM%3D,"Educational-programming,c tutorials"
https://www.youtube.com/watch?v=HQNsriyMhtY&pp=ygULYyB0dXRvcmlhbHM%3D,"Educational-programming,c tutorials"
https://www.youtube.com/watch?v=keHescVGYsc&pp=ygULYyB0dXRvcmlhbHM%3D,"Educational-programming,c tutorials"
https://www.youtube.com/watch?v=kMbB3fqF-SU&pp=ygULYyB0dXRvcmlhbHM%3D,"Educational-programming,c tutorials"
https://www.youtube.com/watch?v=dhh5lrXXXYw&pp=ygULYyB0dXRvcmlhbHM%3D,"Educational-programming,c tutorials"
https://www.youtube.com/watch?v=yGB9jhsEsr8&pp=ygULYyB0dXRvcmlhbHM%3D,"Educational-programming,c tutorials"
https://www.youtube.com/watch?v=3lQEunpmtRA&pp=ygULYyB0dXRvcmlhbHM%3D,"Educational-programming,c tutorials"
https://www.youtube.com/watch?v=de2Hsvxaf8M&pp=ygULYyB0dXRvcmlhbHM%3D,"Educational-programming,c tutorials"
https://www.youtube.com/watch?v=SuLiu5AK9Ps&pp=ygULYyB0dXRvcmlhbHM%3D,"Educational-programming,c tutorials"
https://www.youtube.com/watch?v=lFgyEWxNI58&pp=ygULYyB0dXRvcmlhbHM%3D,"Educational-programming,c tutorials"
https://www.youtube.com/watch?v=fmSnLiAv-zc&pp=ygULYyB0dXRvcmlhbHM%3D,"Educational-programming,c tutorials"
https://www.youtube.com/watch?v=yp4vNGdAMQw&pp=ygULYyB0dXRvcmlhbHM%3D,"Educational-programming,c tutorials"
https://www.youtube.com/watch?v=yrhf85_bqP0&pp=ygULYyB0dXRvcmlhbHM%3D,"Educational-programming,c tutorials"
https://www.youtube.com/watch?v=KnvbUiSxvbM&pp=ygULYyB0dXRvcmlhbHM%3D,"Educational-programming,c tutorials"
https://www.youtube.com/watch?v=131sbMRQVxc&pp=ygULYyB0dXRvcmlhbHM%3D,"Educational-programming,c tutorials"
https://www.youtube.com/watch?v=wa2AfzyOff0&pp=ygULYyB0dXRvcmlhbHM%3D,"Educational-programming,c tutorials"
https://www.youtube.com/watch?v=4Lgkg64e9Xc&pp=ygULYyB0dXRvcmlhbHM%3D,"Educational-programming,c tutorials"
https://www.youtube.com/watch?v=GhQdlIFylQ8&pp=ygULYyB0dXRvcmlhbHM%3D,"Educational-programming,c tutorials"
https://www.youtube.com/watch?v=MNeX4EGtR5Y&pp=ygULYyB0dXRvcmlhbHM%3D,"Educational-programming,c tutorials"
