https://www.youtube.com/watch?v=dPmpGOLHBG8&pp=ygUPcGMgZ2FtZXMgcmV2aWV3,"Gaming,pc games review"
https://www.youtube.com/watch?v=m0XOKSat57Q&pp=ygUPcGMgZ2FtZXMgcmV2aWV3,"Gaming,pc games review"
https://www.youtube.com/watch?v=rR-BqaTwToE&pp=ygUPcGMgZ2FtZXMgcmV2aWV3,"Gaming,pc games review"
https://www.youtube.com/watch?v=_mW-xl2lnmk&pp=ygUPcGMgZ2FtZXMgcmV2aWV3,"Gaming,pc games review"
https://www.youtube.com/watch?v=ZKAL6zKsIP4&pp=ygUPcGMgZ2FtZXMgcmV2aWV3,"Gaming,pc games review"
https://www.youtube.com/watch?v=vclEt_e3Vxk&pp=ygUPcGMgZ2FtZXMgcmV2aWV3,"Gaming,pc games review"
https://www.youtube.com/watch?v=7FKEg2__57c&pp=ygUPcGMgZ2FtZXMgcmV2aWV3,"Gaming,pc games review"
https://www.youtube.com/watch?v=Ida0h03YIGg&pp=ygUPcGMgZ2FtZXMgcmV2aWV3,"Gaming,pc games review"
https://www.youtube.com/watch?v=yOzhRlA5cI8&pp=ygUPcGMgZ2FtZXMgcmV2aWV3,"Gaming,pc games review"
https://www.youtube.com/watch?v=TqCZHMQQJ6g&pp=ygUPcGMgZ2FtZXMgcmV2aWV3,"Gaming,pc games review"
https://www.youtube.com/watch?v=Rm_4OBjuW4I&pp=ygUPcGMgZ2FtZXMgcmV2aWV3,"Gaming,pc games review"
https://www.youtube.com/watch?v=oAknbBFo-U0&pp=ygUPcGMgZ2FtZXMgcmV2aWV3,"Gaming,pc games review"
https://www.youtube.com/watch?v=L3pRUb7_VQM&pp=ygUPcGMgZ2FtZXMgcmV2aWV3,"Gaming,pc games review"
https://www.youtube.com/watch?v=Ya4YtkyJK90&pp=ygUPcGMgZ2FtZXMgcmV2aWV3,"Gaming,pc games review"
https://www.youtube.com/watch?v=lNaXLAEbpfY&pp=ygUPcGMgZ2FtZXMgcmV2aWV3,"Gaming,pc games review"
https://www.youtube.com/watch?v=yJQ8LyOMl3E&pp=ygUPcGMgZ2FtZXMgcmV2aWV3,"Gaming,pc games review"
https://www.youtube.com/watch?v=7oHwp5AtSYU&pp=ygUPcGMgZ2FtZXMgcmV2aWV3,"Gaming,pc games review"
https://www.youtube.com/watch?v=Cq4RCB1bxZA&pp=ygUPcGMgZ2FtZXMgcmV2aWV3,"Gaming,pc games review"
https://www.youtube.com/watch?v=wq7UJ4PEyHg&pp=ygUPcGMgZ2FtZXMgcmV2aWV3,"Gaming,pc games review"
https://www.youtube.com/watch?v=u7tKUlNLL4w&pp=ygUPcGMgZ2FtZXMgcmV2aWV3,"Gaming,pc games review"
https://www.youtube.com/watch?v=f17xCNNamoI&pp=ygUPcGMgZ2FtZXMgcmV2aWV3,"Gaming,pc games review"
https://www.youtube.com/watch?v=PToqYfsFClc&pp=ygUPcGMgZ2FtZXMgcmV2aWV3,"Gaming,pc games review"
https://www.youtube.com/watch?v=qngBXbs3Of0&pp=ygUPcGMgZ2FtZXMgcmV2aWV3,"Gaming,pc games review"
https://www.youtube.com/watch?v=u9q7cN90Tw4&pp=ygUPcGMgZ2FtZXMgcmV2aWV3,"Gaming,pc games review"
https://www.youtube.com/watch?v=2MjMSegm4r0&pp=ygUPcGMgZ2FtZXMgcmV2aWV3,"Gaming,pc games review"
https://www.youtube.com/watch?v=-azFNwF6fa0&pp=ygUPcGMgZ2FtZXMgcmV2aWV3,"Gaming,pc games review"
https://www.youtube.com/watch?v=y7c3U2cKFUE&pp=ygUPcGMgZ2FtZXMgcmV2aWV3,"Gaming,pc games review"
https://www.youtube.com/watch?v=AXrlsiPTQS4&pp=ygUPcGMgZ2FtZXMgcmV2aWV3,"Gaming,pc games review"
https://www.youtube.com/watch?v=EK3Lq0lnbz8&pp=ygUPcGMgZ2FtZXMgcmV2aWV3,"Gaming,pc games review"
https://www.youtube.com/watch?v=vSeLXmi9ZoM&pp=ygUPcGMgZ2FtZXMgcmV2aWV3,"Gaming,pc games review"
https://www.youtube.com/watch?v=0tVb_vLqWic&pp=ygUPcGMgZ2FtZXMgcmV2aWV3,"Gaming,pc games review"
https://www.youtube.com/watch?v=xe6iPuZyHAs&pp=ygUPcGMgZ2FtZXMgcmV2aWV3,"Gaming,pc games review"
https://www.youtube.com/watch?v=_bnueTi5ygQ&pp=ygUPcGMgZ2FtZXMgcmV2aWV3,"Gaming,pc games review"
https://www.youtube.com/watch?v=h4IArecoE_c&pp=ygUPcGMgZ2FtZXMgcmV2aWV3,"Gaming,pc games review"
https://www.youtube.com/watch?v=LmlNsh_zVxQ&pp=ygUPcGMgZ2FtZXMgcmV2aWV3,"Gaming,pc games review"
https://www.youtube.com/watch?v=gcRGbCknq8Y&pp=ygUPcGMgZ2FtZXMgcmV2aWV3,"Gaming,pc games review"
https://www.youtube.com/watch?v=Cvwuq4xBvWY&pp=ygUPcGMgZ2FtZXMgcmV2aWV3,"Gaming,pc games review"
https://www.youtube.com/watch?v=jqMBvk_lwtE&pp=ygUPcGMgZ2FtZXMgcmV2aWV3,"Gaming,pc games review"
https://www.youtube.com/watch?v=zEDPcGSboPU&pp=ygUPcGMgZ2FtZXMgcmV2aWV3,"Gaming,pc games review"
https://www.youtube.com/watch?v=9IZWYwUpDlE&pp=ygUPcGMgZ2FtZXMgcmV2aWV3,"Gaming,pc games review"
https://www.youtube.com/watch?v=mSnci4tjNdQ&pp=ygUPcGMgZ2FtZXMgcmV2aWV3,"Gaming,pc games review"
https://www.youtube.com/watch?v=rSdfGT81mQo&pp=ygUPcGMgZ2FtZXMgcmV2aWV3,"Gaming,pc games review"
https://www.youtube.com/watch?v=qopVt6V-TTk&pp=ygUPcGMgZ2FtZXMgcmV2aWV3,"Gaming,pc games review"
https://www.youtube.com/watch?v=ULrTuNdxsBk&pp=ygUPcGMgZ2FtZXMgcmV2aWV3,"Gaming,pc games review"
https://www.youtube.com/watch?v=2zcACo62avY&pp=ygUPcGMgZ2FtZXMgcmV2aWV3,"Gaming,pc games review"
https://www.youtube.com/watch?v=D5G403T25K0&pp=ygUPcGMgZ2FtZXMgcmV2aWV3,"Gaming,pc games review"
https://www.youtube.com/watch?v=EJgcFuxkhTk&pp=ygUPcGMgZ2FtZXMgcmV2aWV3,"Gaming,pc games review"
https://www.youtube.com/watch?v=1FQya384u00&pp=ygUPcGMgZ2FtZXMgcmV2aWV3,"Gaming,pc games review"
https://www.youtube.com/watch?v=9fOtFzP3pas&pp=ygUPcGMgZ2FtZXMgcmV2aWV3,"Gaming,pc games review"
https://www.youtube.com/watch?v=uJ89lp7YPkQ&pp=ygUPcGMgZ2FtZXMgcmV2aWV3,"Gaming,pc games review"
https://www.youtube.com/watch?v=lhtTNkGMbdA&pp=ygUPcGMgZ2FtZXMgcmV2aWV3,"Gaming,pc games review"
https://www.youtube.com/watch?v=3c0WCBrovM0&pp=ygUPcGMgZ2FtZXMgcmV2aWV3,"Gaming,pc games review"
https://www.youtube.com/watch?v=5WiAaQyfUTo&pp=ygUPcGMgZ2FtZXMgcmV2aWV3,"Gaming,pc games review"
https://www.youtube.com/watch?v=lXsgmyTOBGY&pp=ygUPcGMgZ2FtZXMgcmV2aWV3,"Gaming,pc games review"
https://www.youtube.com/watch?v=3Nqgjs5wYnU&pp=ygUPcGMgZ2FtZXMgcmV2aWV3,"Gaming,pc games review"
https://www.youtube.com/watch?v=SfPEDCYZ7Hk&pp=ygUPcGMgZ2FtZXMgcmV2aWV3,"Gaming,pc games review"
https://www.youtube.com/watch?v=VcIinHyFTzk&pp=ygUPcGMgZ2FtZXMgcmV2aWV3,"Gaming,pc games review"
https://www.youtube.com/watch?v=_4ToEDrhxo0&pp=ygUPcGMgZ2FtZXMgcmV2aWV3,"Gaming,pc games review"
https://www.youtube.com/watch?v=GSZkcAurCVE&pp=ygUPcGMgZ2FtZXMgcmV2aWV3,"Gaming,pc games review"
https://www.youtube.com/watch?v=gmtZS0brRH4&pp=ygUPcGMgZ2FtZXMgcmV2aWV3,"Gaming,pc games review"
https://www.youtube.com/watch?v=49Gpq2asZGw&pp=ygUPcGMgZ2FtZXMgcmV2aWV3,"Gaming,pc games review"
https://www.youtube.com/watch?v=FYikmR449Rg&pp=ygUPcGMgZ2FtZXMgcmV2aWV3,"Gaming,pc games review"
https://www.youtube.com/watch?v=nMMNkfSQuiU&pp=ygUPcGMgZ2FtZXMgcmV2aWV3,"Gaming,pc games review"
https://www.youtube.com/watch?v=uUZnSwt62Bc&pp=ygUPcGMgZ2FtZXMgcmV2aWV3,"Gaming,pc games review"
https://www.youtube.com/watch?v=0j-mguqnRNk&pp=ygUPcGMgZ2FtZXMgcmV2aWV3,"Gaming,pc games review"
https://www.youtube.com/watch?v=FmQ5MZ64lOo&pp=ygUPcGMgZ2FtZXMgcmV2aWV3,"Gaming,pc games review"
https://www.youtube.com/watch?v=5MW5SxKMrtE&pp=ygUPcGMgZ2FtZXMgcmV2aWV3,"Gaming,pc games review"
https://www.youtube.com/watch?v=3KNdUm_cFAw&pp=ygUPcGMgZ2FtZXMgcmV2aWV3,"Gaming,pc games review"
https://www.youtube.com/watch?v=NyX7KR4lDJA&pp=ygUPcGMgZ2FtZXMgcmV2aWV3,"Gaming,pc games review"
https://www.youtube.com/watch?v=jCB-ZYUk5Qk&pp=ygUPcGMgZ2FtZXMgcmV2aWV3,"Gaming,pc games review"
https://www.youtube.com/watch?v=yCu5f6vweHk&pp=ygUPcGMgZ2FtZXMgcmV2aWV3,"Gaming,pc games review"
https://www.youtube.com/watch?v=GIZQtVbM1Dw&pp=ygUPcGMgZ2FtZXMgcmV2aWV3,"Gaming,pc games review"
https://www.youtube.com/watch?v=K-xsYx7VSUQ&pp=ygUPcGMgZ2FtZXMgcmV2aWV3,"Gaming,pc games review"
https://www.youtube.com/watch?v=1KbsSzoUSjs&pp=ygUPcGMgZ2FtZXMgcmV2aWV3,"Gaming,pc games review"
https://www.youtube.com/watch?v=rtBAtyvJ9uU&pp=ygUPcGMgZ2FtZXMgcmV2aWV3,"Gaming,pc games review"
https://www.youtube.com/watch?v=5X52P01_Eqk&pp=ygUPcGMgZ2FtZXMgcmV2aWV3,"Gaming,pc games review"
https://www.youtube.com/watch?v=c4sMH7cXl88&pp=ygUPcGMgZ2FtZXMgcmV2aWV3,"Gaming,pc games review"
https://www.youtube.com/watch?v=RehwIvPjEz8&pp=ygUPcGMgZ2FtZXMgcmV2aWV3,"Gaming,pc games review"
https://www.youtube.com/watch?v=jDy9sOLjryE&pp=ygUPcGMgZ2FtZXMgcmV2aWV3,"Gaming,pc games review"
https://www.youtube.com/watch?v=fX1e2o9zfKA&pp=ygUPcGMgZ2FtZXMgcmV2aWV3,"Gaming,pc games review"
https://www.youtube.com/watch?v=6ECQ8EMcSrc&pp=ygUPcGMgZ2FtZXMgcmV2aWV3,"Gaming,pc games review"
https://www.youtube.com/watch?v=VEkp0iuwfVs&pp=ygUPcGMgZ2FtZXMgcmV2aWV3,"Gaming,pc games review"
https://www.youtube.com/watch?v=y4pmyZHoSso&pp=ygUPcGMgZ2FtZXMgcmV2aWV3,"Gaming,pc games review"
https://www.youtube.com/watch?v=zX9vDed4nB8&pp=ygUPcGMgZ2FtZXMgcmV2aWV3,"Gaming,pc games review"
https://www.youtube.com/watch?v=roSTKPk_DP8&pp=ygUPcGMgZ2FtZXMgcmV2aWV3,"Gaming,pc games review"
https://www.youtube.com/watch?v=Z-xY67mG5dc&pp=ygUPcGMgZ2FtZXMgcmV2aWV3,"Gaming,pc games review"
https://www.youtube.com/watch?v=noanBFjuVRE&pp=ygUPcGMgZ2FtZXMgcmV2aWV3,"Gaming,pc games review"
https://www.youtube.com/watch?v=Y1z_XIgqEfc&pp=ygUPcGMgZ2FtZXMgcmV2aWV3,"Gaming,pc games review"
https://www.youtube.com/watch?v=iIt8yShmUI8&pp=ygUPcGMgZ2FtZXMgcmV2aWV3,"Gaming,pc games review"
https://www.youtube.com/watch?v=jgZYP0w2crI&pp=ygUPcGMgZ2FtZXMgcmV2aWV3,"Gaming,pc games review"
https://www.youtube.com/watch?v=LyXpbK5aPEo&pp=ygUPcGMgZ2FtZXMgcmV2aWV3,"Gaming,pc games review"
https://www.youtube.com/watch?v=qS321EhfYLs&pp=ygUPcGMgZ2FtZXMgcmV2aWV3,"Gaming,pc games review"
https://www.youtube.com/watch?v=IlavFAjBdWo&pp=ygUPcGMgZ2FtZXMgcmV2aWV3,"Gaming,pc games review"
https://www.youtube.com/watch?v=UsvK9ftDKP8&pp=ygUPcGMgZ2FtZXMgcmV2aWV3,"Gaming,pc games review"
https://www.youtube.com/watch?v=n-SJec-qaeM&pp=ygUPcGMgZ2FtZXMgcmV2aWV3,"Gaming,pc games review"
https://www.youtube.com/watch?v=RTrRvDPjQM4&pp=ygUPcGMgZ2FtZXMgcmV2aWV3,"Gaming,pc games review"
https://www.youtube.com/watch?v=gG67yhrAJ3M&pp=ygUPcGMgZ2FtZXMgcmV2aWV3,"Gaming,pc games review"
https://www.youtube.com/watch?v=x4mh7Pc5MSI&pp=ygUPcGMgZ2FtZXMgcmV2aWV3,"Gaming,pc games review"
https://www.youtube.com/watch?v=bHaLKO-CZXI&pp=ygUPcGMgZ2FtZXMgcmV2aWV3,"Gaming,pc games review"
https://www.youtube.com/watch?v=aacV3EmIdqk&pp=ygUPcGMgZ2FtZXMgcmV2aWV3,"Gaming,pc games review"
https://www.youtube.com/watch?v=mQBIwt9pFug&pp=ygUPcGMgZ2FtZXMgcmV2aWV3,"Gaming,pc games review"
https://www.youtube.com/watch?v=JJ5hDW6RsPc&pp=ygUPcGMgZ2FtZXMgcmV2aWV3,"Gaming,pc games review"
https://www.youtube.com/watch?v=U9F0N0sP6nw&pp=ygUPcGMgZ2FtZXMgcmV2aWV3,"Gaming,pc games review"
https://www.youtube.com/watch?v=LGmv7nYHfGI&pp=ygUPcGMgZ2FtZXMgcmV2aWV3,"Gaming,pc games review"
https://www.youtube.com/watch?v=Ac2wmMm6HuA&pp=ygUPcGMgZ2FtZXMgcmV2aWV3,"Gaming,pc games review"
https://www.youtube.com/watch?v=0zD51YArfyI&pp=ygUPcGMgZ2FtZXMgcmV2aWV3,"Gaming,pc games review"
https://www.youtube.com/watch?v=0XvUYH1rrTs&pp=ygUPcGMgZ2FtZXMgcmV2aWV3,"Gaming,pc games review"
https://www.youtube.com/watch?v=OuMIEOvmIQg&pp=ygUPcGMgZ2FtZXMgcmV2aWV3,"Gaming,pc games review"
https://www.youtube.com/watch?v=YPC4hEocbak&pp=ygUPcGMgZ2FtZXMgcmV2aWV3,"Gaming,pc games review"
https://www.youtube.com/watch?v=abcvVi6Xx9c&pp=ygUPcGMgZ2FtZXMgcmV2aWV3,"Gaming,pc games review"
https://www.youtube.com/watch?v=dFUU4XrTJ3A&pp=ygUPcGMgZ2FtZXMgcmV2aWV3,"Gaming,pc games review"
https://www.youtube.com/watch?v=P8VeIH_Ijn8&pp=ygUPcGMgZ2FtZXMgcmV2aWV3,"Gaming,pc games review"
https://www.youtube.com/watch?v=_0jXe7YAHOI&pp=ygUPcGMgZ2FtZXMgcmV2aWV3,"Gaming,pc games review"
https://www.youtube.com/watch?v=ZSMBEwrx7Hc&pp=ygUPcGMgZ2FtZXMgcmV2aWV3,"Gaming,pc games review"
https://www.youtube.com/watch?v=Opd-eZXLfQY&pp=ygUPcGMgZ2FtZXMgcmV2aWV3,"Gaming,pc games review"
https://www.youtube.com/watch?v=-iuUxCDfMWQ&pp=ygUPcGMgZ2FtZXMgcmV2aWV3,"Gaming,pc games review"
https://www.youtube.com/watch?v=-c5eUhof-bo&pp=ygUPcGMgZ2FtZXMgcmV2aWV3,"Gaming,pc games review"
https://www.youtube.com/watch?v=ndMPzks0pq0&pp=ygUPcGMgZ2FtZXMgcmV2aWV3,"Gaming,pc games review"
https://www.youtube.com/watch?v=xRLiqFn9yZs&pp=ygUPcGMgZ2FtZXMgcmV2aWV3,"Gaming,pc games review"
https://www.youtube.com/watch?v=rvsBcq0WmY0&pp=ygUPcGMgZ2FtZXMgcmV2aWV3,"Gaming,pc games review"
https://www.youtube.com/watch?v=jBgPBg318jg&pp=ygUPcGMgZ2FtZXMgcmV2aWV3,"Gaming,pc games review"
https://www.youtube.com/watch?v=WPvcAUFJ2Zw&pp=ygUPcGMgZ2FtZXMgcmV2aWV3,"Gaming,pc games review"
https://www.youtube.com/watch?v=T6eg7urg7h4&pp=ygUPcGMgZ2FtZXMgcmV2aWV3,"Gaming,pc games review"
https://www.youtube.com/watch?v=Uu19BSDPanQ&pp=ygUPcGMgZ2FtZXMgcmV2aWV3,"Gaming,pc games review"
https://www.youtube.com/watch?v=7KFEtvPBbzc&pp=ygUPcGMgZ2FtZXMgcmV2aWV3,"Gaming,pc games review"
https://www.youtube.com/watch?v=n00N7ThtlU4&pp=ygUPcGMgZ2FtZXMgcmV2aWV3,"Gaming,pc games review"
https://www.youtube.com/watch?v=98mlLHEer8w&pp=ygUPcGMgZ2FtZXMgcmV2aWV3,"Gaming,pc games review"
https://www.youtube.com/watch?v=npaCbueN5BU&pp=ygUPcGMgZ2FtZXMgcmV2aWV3,"Gaming,pc games review"
https://www.youtube.com/watch?v=Cs5wwRomYTI&pp=ygUPcGMgZ2FtZXMgcmV2aWV3,"Gaming,pc games review"
https://www.youtube.com/watch?v=NPTNYBUOznE&pp=ygUPcGMgZ2FtZXMgcmV2aWV3,"Gaming,pc games review"
https://www.youtube.com/watch?v=buiPnKrMnjY&pp=ygUPcGMgZ2FtZXMgcmV2aWV3,"Gaming,pc games review"
https://www.youtube.com/watch?v=r1qgUBDO9Cw&pp=ygUPcGMgZ2FtZXMgcmV2aWV3,"Gaming,pc games review"
https://www.youtube.com/watch?v=-vDwN0HDDqw&pp=ygUPcGMgZ2FtZXMgcmV2aWV3,"Gaming,pc games review"
https://www.youtube.com/watch?v=mB43U9YCRJc&pp=ygUPcGMgZ2FtZXMgcmV2aWV3,"Gaming,pc games review"
https://www.youtube.com/watch?v=X4_uTPvxHYA&pp=ygUPcGMgZ2FtZXMgcmV2aWV3,"Gaming,pc games review"
https://www.youtube.com/watch?v=F3OO_n3biz8&pp=ygUPcGMgZ2FtZXMgcmV2aWV3,"Gaming,pc games review"
https://www.youtube.com/watch?v=ZxsbDidz2GY&pp=ygUPcGMgZ2FtZXMgcmV2aWV3,"Gaming,pc games review"
https://www.youtube.com/watch?v=edJPKwpeHh4&pp=ygUPcGMgZ2FtZXMgcmV2aWV3,"Gaming,pc games review"
https://www.youtube.com/watch?v=284XKh1lFHM&pp=ygUPcGMgZ2FtZXMgcmV2aWV3,"Gaming,pc games review"
https://www.youtube.com/watch?v=MO1O-8UMkcQ&pp=ygUPcGMgZ2FtZXMgcmV2aWV3,"Gaming,pc games review"
https://www.youtube.com/watch?v=lgw1ulO7h6E&pp=ygUPcGMgZ2FtZXMgcmV2aWV3,"Gaming,pc games review"
https://www.youtube.com/watch?v=led3nV7uw70&pp=ygUPcGMgZ2FtZXMgcmV2aWV3,"Gaming,pc games review"
https://www.youtube.com/watch?v=SOX2GDuAnww&pp=ygUPcGMgZ2FtZXMgcmV2aWV3,"Gaming,pc games review"
https://www.youtube.com/watch?v=FD7Oo58c5LE&pp=ygUPcGMgZ2FtZXMgcmV2aWV3,"Gaming,pc games review"
https://www.youtube.com/watch?v=EddceYlQu2w&pp=ygUPcGMgZ2FtZXMgcmV2aWV3,"Gaming,pc games review"
https://www.youtube.com/watch?v=qLfmFLRr4Kk&pp=ygUPcGMgZ2FtZXMgcmV2aWV3,"Gaming,pc games review"
https://www.youtube.com/watch?v=I3HeSSzbYO4&pp=ygUPcGMgZ2FtZXMgcmV2aWV3,"Gaming,pc games review"
https://www.youtube.com/watch?v=iP2koqyDU_Q&pp=ygUPcGMgZ2FtZXMgcmV2aWV3,"Gaming,pc games review"
https://www.youtube.com/watch?v=PnDpmmf8sPE&pp=ygUPcGMgZ2FtZXMgcmV2aWV3,"Gaming,pc games review"
https://www.youtube.com/watch?v=H2GXWb2aiGU&pp=ygUPcGMgZ2FtZXMgcmV2aWV3,"Gaming,pc games review"
https://www.youtube.com/watch?v=XyBzKWJFgHg&pp=ygUPcGMgZ2FtZXMgcmV2aWV3,"Gaming,pc games review"
https://www.youtube.com/watch?v=GCzaZWWT8Ys&pp=ygUPcGMgZ2FtZXMgcmV2aWV3,"Gaming,pc games review"
https://www.youtube.com/watch?v=LPcdy3_XFgc&pp=ygUPcGMgZ2FtZXMgcmV2aWV3,"Gaming,pc games review"
https://www.youtube.com/watch?v=dp7orhNT5wI&pp=ygUPcGMgZ2FtZXMgcmV2aWV3,"Gaming,pc games review"
https://www.youtube.com/watch?v=hu3CGEcRl8U&pp=ygUPcGMgZ2FtZXMgcmV2aWV3,"Gaming,pc games review"
https://www.youtube.com/watch?v=iB-m7taJyGs&pp=ygUPcGMgZ2FtZXMgcmV2aWV3,"Gaming,pc games review"
https://www.youtube.com/watch?v=2U9BzdkYPcs&pp=ygUPcGMgZ2FtZXMgcmV2aWV3,"Gaming,pc games review"
https://www.youtube.com/watch?v=ouDqtmgK8_o&pp=ygUPcGMgZ2FtZXMgcmV2aWV3,"Gaming,pc games review"
https://www.youtube.com/watch?v=9PmZWi23nt0&pp=ygUPcGMgZ2FtZXMgcmV2aWV3,"Gaming,pc games review"
https://www.youtube.com/watch?v=_4gh3vTzSFA&pp=ygUPcGMgZ2FtZXMgcmV2aWV3,"Gaming,pc games review"
https://www.youtube.com/watch?v=p7Xr2hstZ2M&pp=ygUPcGMgZ2FtZXMgcmV2aWV3,"Gaming,pc games review"
https://www.youtube.com/watch?v=w25JFcYNpD8&pp=ygUPcGMgZ2FtZXMgcmV2aWV3,"Gaming,pc games review"
https://www.youtube.com/watch?v=fZCNpUIvo2I&pp=ygUPcGMgZ2FtZXMgcmV2aWV3,"Gaming,pc games review"
https://www.youtube.com/watch?v=e7Ks5bijkb0&pp=ygUPcGMgZ2FtZXMgcmV2aWV3,"Gaming,pc games review"
https://www.youtube.com/watch?v=lXAkh9YK3Vc&pp=ygUPcGMgZ2FtZXMgcmV2aWV3,"Gaming,pc games review"
https://www.youtube.com/watch?v=4LKVvHyQv_4&pp=ygUPcGMgZ2FtZXMgcmV2aWV3,"Gaming,pc games review"
https://www.youtube.com/watch?v=DgJwj8jRUXo&pp=ygUPcGMgZ2FtZXMgcmV2aWV3,"Gaming,pc games review"
https://www.youtube.com/watch?v=O-1PtJNCEJw&pp=ygUPcGMgZ2FtZXMgcmV2aWV3,"Gaming,pc games review"
https://www.youtube.com/watch?v=AN1-Y1wJzbM&pp=ygUPcGMgZ2FtZXMgcmV2aWV3,"Gaming,pc games review"
https://www.youtube.com/watch?v=uGHrNUgnWVY&pp=ygUPcGMgZ2FtZXMgcmV2aWV3,"Gaming,pc games review"
https://www.youtube.com/watch?v=xh62NW-LVts&pp=ygUPcGMgZ2FtZXMgcmV2aWV3,"Gaming,pc games review"
https://www.youtube.com/watch?v=MSWse50GEX8&pp=ygUPcGMgZ2FtZXMgcmV2aWV3,"Gaming,pc games review"
https://www.youtube.com/watch?v=ZnldnOLfVHY&pp=ygUPcGMgZ2FtZXMgcmV2aWV3,"Gaming,pc games review"
https://www.youtube.com/watch?v=Nw0xZJ7FRUA&pp=ygUPcGMgZ2FtZXMgcmV2aWV3,"Gaming,pc games review"
https://www.youtube.com/watch?v=zLXiIAGhSDc&pp=ygUPcGMgZ2FtZXMgcmV2aWV3,"Gaming,pc games review"
https://www.youtube.com/watch?v=yrHDpy1i7Zo&pp=ygUPcGMgZ2FtZXMgcmV2aWV3,"Gaming,pc games review"
https://www.youtube.com/watch?v=0uav6zQKiMQ&pp=ygUPcGMgZ2FtZXMgcmV2aWV3,"Gaming,pc games review"
https://www.youtube.com/watch?v=EblFGcmNzFQ&pp=ygUPcGMgZ2FtZXMgcmV2aWV3,"Gaming,pc games review"
https://www.youtube.com/watch?v=X4E0cgnUYxo&pp=ygUPcGMgZ2FtZXMgcmV2aWV3,"Gaming,pc games review"
https://www.youtube.com/watch?v=DdhibjeG8pY&pp=ygUPcGMgZ2FtZXMgcmV2aWV3,"Gaming,pc games review"
https://www.youtube.com/watch?v=3uuI-6fwwtY&pp=ygUPcGMgZ2FtZXMgcmV2aWV3,"Gaming,pc games review"
https://www.youtube.com/watch?v=I9Ky1y4f1yE&pp=ygUPcGMgZ2FtZXMgcmV2aWV3,"Gaming,pc games review"
https://www.youtube.com/watch?v=udggMQ-mc-c&pp=ygUPcGMgZ2FtZXMgcmV2aWV3,"Gaming,pc games review"
https://www.youtube.com/watch?v=6ZTeEGhqh-k&pp=ygUPcGMgZ2FtZXMgcmV2aWV3,"Gaming,pc games review"
https://www.youtube.com/watch?v=fdVs9jPfNkQ&pp=ygUPcGMgZ2FtZXMgcmV2aWV3,"Gaming,pc games review"
https://www.youtube.com/watch?v=jwwGY88ikFw&pp=ygUPcGMgZ2FtZXMgcmV2aWV3,"Gaming,pc games review"
https://www.youtube.com/watch?v=zi60A2-PcpM&pp=ygUPcGMgZ2FtZXMgcmV2aWV3,"Gaming,pc games review"
https://www.youtube.com/watch?v=9FGf2qr5DuI&pp=ygUPcGMgZ2FtZXMgcmV2aWV3,"Gaming,pc games review"
https://www.youtube.com/watch?v=DligNtPsrAU&pp=ygUPcGMgZ2FtZXMgcmV2aWV3,"Gaming,pc games review"
https://www.youtube.com/watch?v=jmkCCih1T00&pp=ygUPcGMgZ2FtZXMgcmV2aWV3,"Gaming,pc games review"
https://www.youtube.com/watch?v=wmViXMcX9b8&pp=ygUPcGMgZ2FtZXMgcmV2aWV3,"Gaming,pc games review"
https://www.youtube.com/watch?v=B0qXOAPcLyk&pp=ygUPcGMgZ2FtZXMgcmV2aWV3,"Gaming,pc games review"
https://www.youtube.com/watch?v=QYLpEEdxPuo&pp=ygUPcGMgZ2FtZXMgcmV2aWV3,"Gaming,pc games review"
https://www.youtube.com/watch?v=LODC7tt2HFE&pp=ygUPcGMgZ2FtZXMgcmV2aWV3,"Gaming,pc games review"
https://www.youtube.com/watch?v=Yb2XHpQ_oiE&pp=ygUPcGMgZ2FtZXMgcmV2aWV3,"Gaming,pc games review"
https://www.youtube.com/watch?v=LoExiqHL5tM&pp=ygUPcGMgZ2FtZXMgcmV2aWV3,"Gaming,pc games review"
https://www.youtube.com/watch?v=YtjAsQIPauY&pp=ygUPcGMgZ2FtZXMgcmV2aWV3,"Gaming,pc games review"
https://www.youtube.com/watch?v=9ngWb7Y2qDo&pp=ygUPcGMgZ2FtZXMgcmV2aWV3,"Gaming,pc games review"
https://www.youtube.com/watch?v=L2lXPeNR3eo&pp=ygUPcGMgZ2FtZXMgcmV2aWV3,"Gaming,pc games review"
https://www.youtube.com/watch?v=aySRoyUif4g&pp=ygUPcGMgZ2FtZXMgcmV2aWV3,"Gaming,pc games review"
https://www.youtube.com/watch?v=1_8nc-OQs7I&pp=ygUPcGMgZ2FtZXMgcmV2aWV3,"Gaming,pc games review"
https://www.youtube.com/watch?v=u2UHRx9a-vA&pp=ygUPcGMgZ2FtZXMgcmV2aWV3,"Gaming,pc games review"
https://www.youtube.com/watch?v=o0L6bhwi8EE&pp=ygUPcGMgZ2FtZXMgcmV2aWV3,"Gaming,pc games review"
https://www.youtube.com/watch?v=E0zVP7jxVJ4&pp=ygUPcGMgZ2FtZXMgcmV2aWV3,"Gaming,pc games review"
https://www.youtube.com/watch?v=BTIES4BLOSs&pp=ygUPcGMgZ2FtZXMgcmV2aWV3,"Gaming,pc games review"
https://www.youtube.com/watch?v=IqgtkY42XRg&pp=ygUPcGMgZ2FtZXMgcmV2aWV3,"Gaming,pc games review"
https://www.youtube.com/watch?v=b7WnxpnL3Zc&pp=ygUPcGMgZ2FtZXMgcmV2aWV3,"Gaming,pc games review"
https://www.youtube.com/watch?v=4_OMDOwNySU&pp=ygUPcGMgZ2FtZXMgcmV2aWV3,"Gaming,pc games review"
https://www.youtube.com/watch?v=-F-H0GwsZPk&pp=ygUPcGMgZ2FtZXMgcmV2aWV3,"Gaming,pc games review"
https://www.youtube.com/watch?v=mgXUe0m2msY&pp=ygUPcGMgZ2FtZXMgcmV2aWV3,"Gaming,pc games review"
https://www.youtube.com/watch?v=JZXjKaioNl8&pp=ygUPcGMgZ2FtZXMgcmV2aWV3,"Gaming,pc games review"
https://www.youtube.com/watch?v=ZCelICP6f5E&pp=ygUPcGMgZ2FtZXMgcmV2aWV3,"Gaming,pc games review"
https://www.youtube.com/watch?v=jJntIYk9k2A&pp=ygUPcGMgZ2FtZXMgcmV2aWV3,"Gaming,pc games review"
https://www.youtube.com/watch?v=FzXAj8lpSeE&pp=ygUPcGMgZ2FtZXMgcmV2aWV3,"Gaming,pc games review"
https://www.youtube.com/watch?v=B9d420RLWL4&pp=ygUPcGMgZ2FtZXMgcmV2aWV3,"Gaming,pc games review"
https://www.youtube.com/watch?v=DYlxV4JgCgs&pp=ygUPcGMgZ2FtZXMgcmV2aWV3,"Gaming,pc games review"
https://www.youtube.com/watch?v=OxCIT-6UYow&pp=ygUPcGMgZ2FtZXMgcmV2aWV3,"Gaming,pc games review"
https://www.youtube.com/watch?v=gU2Z_GzPCk8&pp=ygUPcGMgZ2FtZXMgcmV2aWV3,"Gaming,pc games review"
https://www.youtube.com/watch?v=FsVj8bX7gY8&pp=ygUPcGMgZ2FtZXMgcmV2aWV3,"Gaming,pc games review"
https://www.youtube.com/watch?v=yDrXMQrclpY&pp=ygUPcGMgZ2FtZXMgcmV2aWV3,"Gaming,pc games review"
https://www.youtube.com/watch?v=YuAWurOL7sk&pp=ygUPcGMgZ2FtZXMgcmV2aWV3,"Gaming,pc games review"
https://www.youtube.com/watch?v=FPrFlM5tWRI&pp=ygUPcGMgZ2FtZXMgcmV2aWV3,"Gaming,pc games review"
https://www.youtube.com/watch?v=9HkaK-fhceg&pp=ygUPcGMgZ2FtZXMgcmV2aWV3,"Gaming,pc games review"
https://www.youtube.com/watch?v=tar9g1qKrDM&pp=ygUPcGMgZ2FtZXMgcmV2aWV3,"Gaming,pc games review"
https://www.youtube.com/watch?v=uI6eAVvvmg0&pp=ygUPcGMgZ2FtZXMgcmV2aWV3,"Gaming,pc games review"
https://www.youtube.com/watch?v=hpDq-AHt4DQ&pp=ygUPcGMgZ2FtZXMgcmV2aWV3,"Gaming,pc games review"
https://www.youtube.com/watch?v=Joze6uRyBRs&pp=ygUPcGMgZ2FtZXMgcmV2aWV3,"Gaming,pc games review"
https://www.youtube.com/watch?v=EQnOJcv2TNw&pp=ygUPcGMgZ2FtZXMgcmV2aWV3,"Gaming,pc games review"
https://www.youtube.com/watch?v=ythTarz4DyQ&pp=ygUPcGMgZ2FtZXMgcmV2aWV3,"Gaming,pc games review"
https://www.youtube.com/watch?v=FwzKboA81o8&pp=ygUPcGMgZ2FtZXMgcmV2aWV3,"Gaming,pc games review"
https://www.youtube.com/watch?v=KHLGoGP1ucI&pp=ygUPcGMgZ2FtZXMgcmV2aWV3,"Gaming,pc games review"
https://www.youtube.com/watch?v=OnhUAtpGcYo&pp=ygUPcGMgZ2FtZXMgcmV2aWV3,"Gaming,pc games review"
https://www.youtube.com/watch?v=tyTPVh29its&pp=ygUPcGMgZ2FtZXMgcmV2aWV3,"Gaming,pc games review"
https://www.youtube.com/watch?v=kZ7A2q_-jKc&pp=ygUPcGMgZ2FtZXMgcmV2aWV3,"Gaming,pc games review"
https://www.youtube.com/watch?v=HHsiBPYJaec&pp=ygUPcGMgZ2FtZXMgcmV2aWV3,"Gaming,pc games review"
