https://www.youtube.com/watch?v=zvTNCFZBZrs&pp=ygULcGMgaGFyZHdhcmU%3D,"Technology,pc hardware"
https://www.youtube.com/watch?v=O5UPCLnmWLo&pp=ygULcGMgaGFyZHdhcmU%3D,"Technology,pc hardware"
https://www.youtube.com/watch?v=Ft8MkfCm6pw&pp=ygULcGMgaGFyZHdhcmU%3D,"Technology,pc hardware"
https://www.youtube.com/watch?v=JIG52opcytM&pp=ygULcGMgaGFyZHdhcmU%3D,"Technology,pc hardware"
https://www.youtube.com/watch?v=PkDiiD63SlM&pp=ygULcGMgaGFyZHdhcmU%3D,"Technology,pc hardware"
https://www.youtube.com/watch?v=RsjssrrnyBo&pp=ygULcGMgaGFyZHdhcmU%3D,"Technology,pc hardware"
https://www.youtube.com/watch?v=mwx_1ggjRBs&pp=ygULcGMgaGFyZHdhcmU%3D,"Technology,pc hardware"
https://www.youtube.com/watch?v=dc7CIkZcWYE&pp=ygULcGMgaGFyZHdhcmU%3D,"Technology,pc hardware"
https://www.youtube.com/watch?v=y-ojoETtLMA&pp=ygULcGMgaGFyZHdhcmU%3D,"Technology,pc hardware"
https://www.youtube.com/watch?v=PAAhBTkLG4o&pp=ygULcGMgaGFyZHdhcmU%3D,"Technology,pc hardware"
https://www.youtube.com/watch?v=O0IDxfQviys&pp=ygULcGMgaGFyZHdhcmU%3D,"Technology,pc hardware"
https://www.youtube.com/watch?v=V-TB-9gKt2s&pp=ygULcGMgaGFyZHdhcmU%3D,"Technology,pc hardware"
https://www.youtube.com/watch?v=SZKvMEuLhHk&pp=ygULcGMgaGFyZHdhcmU%3D,"Technology,pc hardware"
https://www.youtube.com/watch?v=Oc5Kh9jIOwY&pp=ygULcGMgaGFyZHdhcmU%3D,"Technology,pc hardware"
https://www.youtube.com/watch?v=Q0ptZ_3wKM4&pp=ygULcGMgaGFyZHdhcmU%3D,"Technology,pc hardware"
https://www.youtube.com/watch?v=F-kZA3dqydc&pp=ygULcGMgaGFyZHdhcmU%3D,"Technology,pc hardware"
https://www.youtube.com/watch?v=pWvS9Vtzv08&pp=ygULcGMgaGFyZHdhcmU%3D,"Technology,pc hardware"
https://www.youtube.com/watch?v=gt-cmI3x9YI&pp=ygULcGMgaGFyZHdhcmU%3D,"Technology,pc hardware"
https://www.youtube.com/watch?v=9DXovN4Bn5o&pp=ygULcGMgaGFyZHdhcmU%3D,"Technology,pc hardware"
https://www.youtube.com/watch?v=wFvYeBbM_OE&pp=ygULcGMgaGFyZHdhcmU%3D,"Technology,pc hardware"
https://www.youtube.com/watch?v=LRsdKmbvVmY&pp=ygULcGMgaGFyZHdhcmU%3D,"Technology,pc hardware"
https://www.youtube.com/watch?v=KeoB0fsuk4k&pp=ygULcGMgaGFyZHdhcmU%3D,"Technology,pc hardware"
https://www.youtube.com/watch?v=ShmG2fZuGOA&pp=ygULcGMgaGFyZHdhcmU%3D,"Technology,pc hardware"
https://www.youtube.com/watch?v=GDaZ7NU5HXo&pp=ygULcGMgaGFyZHdhcmU%3D,"Technology,pc hardware"
https://www.youtube.com/watch?v=TG-1pxSGXU8&pp=ygULcGMgaGFyZHdhcmU%3D,"Technology,pc hardware"
https://www.youtube.com/watch?v=MesZBdqgH5w&pp=ygULcGMgaGFyZHdhcmU%3D,"Technology,pc hardware"
https://www.youtube.com/watch?v=FlGSqhqN2uY&pp=ygULcGMgaGFyZHdhcmU%3D,"Technology,pc hardware"
https://www.youtube.com/watch?v=HrwNOJm3waU&pp=ygULcGMgaGFyZHdhcmU%3D,"Technology,pc hardware"
https://www.youtube.com/watch?v=UiIQpvpdXLc&pp=ygULcGMgaGFyZHdhcmU%3D,"Technology,pc hardware"
https://www.youtube.com/watch?v=Xq3i5aYpaWY&pp=ygULcGMgaGFyZHdhcmU%3D,"Technology,pc hardware"
https://www.youtube.com/watch?v=sxGu6jFYTOo&pp=ygULcGMgaGFyZHdhcmU%3D,"Technology,pc hardware"
https://www.youtube.com/watch?v=Y8zEYkRNOAA&pp=ygULcGMgaGFyZHdhcmU%3D,"Technology,pc hardware"
https://www.youtube.com/watch?v=02mgrA51974&pp=ygULcGMgaGFyZHdhcmU%3D,"Technology,pc hardware"
https://www.youtube.com/watch?v=DN8nmLXXeu4&pp=ygULcGMgaGFyZHdhcmU%3D,"Technology,pc hardware"
https://www.youtube.com/watch?v=LjkGcOvU7FY&pp=ygULcGMgaGFyZHdhcmU%3D,"Technology,pc hardware"
https://www.youtube.com/watch?v=JQREgbMShUg&pp=ygULcGMgaGFyZHdhcmU%3D,"Technology,pc hardware"
https://www.youtube.com/watch?v=-PE1p9_J-AY&pp=ygULcGMgaGFyZHdhcmU%3D,"Technology,pc hardware"
https://www.youtube.com/watch?v=_rXXpXE1u2k&pp=ygULcGMgaGFyZHdhcmU%3D,"Technology,pc hardware"
https://www.youtube.com/watch?v=jsTzItKIWDg&pp=ygULcGMgaGFyZHdhcmU%3D,"Technology,pc hardware"
https://www.youtube.com/watch?v=sgo_mvyH-kI&pp=ygULcGMgaGFyZHdhcmU%3D,"Technology,pc hardware"
https://www.youtube.com/watch?v=sAwDZAALodY&pp=ygULcGMgaGFyZHdhcmU%3D,"Technology,pc hardware"
https://www.youtube.com/watch?v=ViaSN12-e0A&pp=ygULcGMgaGFyZHdhcmU%3D,"Technology,pc hardware"
https://www.youtube.com/watch?v=vdD0yMS40a0&pp=ygULcGMgaGFyZHdhcmU%3D,"Technology,pc hardware"
https://www.youtube.com/watch?v=U5bO0socm_A&pp=ygULcGMgaGFyZHdhcmU%3D,"Technology,pc hardware"
https://www.youtube.com/watch?v=GEjya4OPqNs&pp=ygULcGMgaGFyZHdhcmU%3D,"Technology,pc hardware"
https://www.youtube.com/watch?v=AegRx0EzHmU&pp=ygULcGMgaGFyZHdhcmU%3D,"Technology,pc hardware"
https://www.youtube.com/watch?v=qA191Jcab3M&pp=ygULcGMgaGFyZHdhcmU%3D,"Technology,pc hardware"
https://www.youtube.com/watch?v=mzONYtTEhLA&pp=ygULcGMgaGFyZHdhcmU%3D,"Technology,pc hardware"
https://www.youtube.com/watch?v=qFp1x-Zk9Rs&pp=ygULcGMgaGFyZHdhcmU%3D,"Technology,pc hardware"
https://www.youtube.com/watch?v=NjNc6gGZAYs&pp=ygULcGMgaGFyZHdhcmU%3D,"Technology,pc hardware"
https://www.youtube.com/watch?v=fUWd1ipOTAw&pp=ygULcGMgaGFyZHdhcmU%3D,"Technology,pc hardware"
https://www.youtube.com/watch?v=cvnMKHVXzy0&pp=ygULcGMgaGFyZHdhcmU%3D,"Technology,pc hardware"
https://www.youtube.com/watch?v=A4O2SKota88&pp=ygULcGMgaGFyZHdhcmU%3D,"Technology,pc hardware"
https://www.youtube.com/watch?v=cBz9JmjdEBM&pp=ygULcGMgaGFyZHdhcmU%3D,"Technology,pc hardware"
https://www.youtube.com/watch?v=9hf33vKtMTM&pp=ygULcGMgaGFyZHdhcmU%3D,"Technology,pc hardware"
https://www.youtube.com/watch?v=ExxFxD4OSZ0&pp=ygULcGMgaGFyZHdhcmU%3D,"Technology,pc hardware"
https://www.youtube.com/watch?v=IwsStNJFHpU&pp=ygULcGMgaGFyZHdhcmU%3D,"Technology,pc hardware"
https://www.youtube.com/watch?v=TDxQDbUcduo&pp=ygULcGMgaGFyZHdhcmU%3D,"Technology,pc hardware"
https://www.youtube.com/watch?v=_ZpRSapnXsI&pp=ygULcGMgaGFyZHdhcmU%3D,"Technology,pc hardware"
https://www.youtube.com/watch?v=kcTIxqTQdGU&pp=ygULcGMgaGFyZHdhcmU%3D,"Technology,pc hardware"
https://www.youtube.com/watch?v=R-nng0Js8kY&pp=ygULcGMgaGFyZHdhcmU%3D,"Technology,pc hardware"
https://www.youtube.com/watch?v=K3F580_nxqY&pp=ygULcGMgaGFyZHdhcmU%3D,"Technology,pc hardware"
https://www.youtube.com/watch?v=m_-G9Cacx2U&pp=ygULcGMgaGFyZHdhcmU%3D,"Technology,pc hardware"
https://www.youtube.com/watch?v=jE3DkdQj_3Q&pp=ygULcGMgaGFyZHdhcmU%3D,"Technology,pc hardware"
https://www.youtube.com/watch?v=nvPNbJXqOEY&pp=ygULcGMgaGFyZHdhcmU%3D,"Technology,pc hardware"
https://www.youtube.com/watch?v=Ubm3vZK4jDA&pp=ygULcGMgaGFyZHdhcmU%3D,"Technology,pc hardware"
https://www.youtube.com/watch?v=iP_TwBqF-t0&pp=ygULcGMgaGFyZHdhcmU%3D,"Technology,pc hardware"
https://www.youtube.com/watch?v=nJovhEZPo5E&pp=ygULcGMgaGFyZHdhcmU%3D,"Technology,pc hardware"
https://www.youtube.com/watch?v=bEVzMSofXSg&pp=ygULcGMgaGFyZHdhcmU%3D,"Technology,pc hardware"
https://www.youtube.com/watch?v=XA4QH7SO8J4&pp=ygULcGMgaGFyZHdhcmU%3D,"Technology,pc hardware"
https://www.youtube.com/watch?v=amVP96OYfUg&pp=ygULcGMgaGFyZHdhcmU%3D,"Technology,pc hardware"
https://www.youtube.com/watch?v=XmfCrm0W6Fw&pp=ygULcGMgaGFyZHdhcmU%3D,"Technology,pc hardware"
https://www.youtube.com/watch?v=ekjZfvQQkG0&pp=ygULcGMgaGFyZHdhcmU%3D,"Technology,pc hardware"
https://www.youtube.com/watch?v=8_itvuz5Dc4&pp=ygULcGMgaGFyZHdhcmU%3D,"Technology,pc hardware"
https://www.youtube.com/watch?v=WlSYwDIujtk&pp=ygULcGMgaGFyZHdhcmU%3D,"Technology,pc hardware"
https://www.youtube.com/watch?v=iceDmLzf1ME&pp=ygULcGMgaGFyZHdhcmU%3D,"Technology,pc hardware"
https://www.youtube.com/watch?v=J3AZYUMZJIY&pp=ygULcGMgaGFyZHdhcmU%3D,"Technology,pc hardware"
https://www.youtube.com/watch?v=PRbMfZKuRUo&pp=ygULcGMgaGFyZHdhcmU%3D,"Technology,pc hardware"
https://www.youtube.com/watch?v=D2VAYCgWgl0&pp=ygULcGMgaGFyZHdhcmU%3D,"Technology,pc hardware"
https://www.youtube.com/watch?v=RrFQZ5wCscw&pp=ygULcGMgaGFyZHdhcmU%3D,"Technology,pc hardware"
https://www.youtube.com/watch?v=AWAvqyzXvTI&pp=ygULcGMgaGFyZHdhcmU%3D,"Technology,pc hardware"
https://www.youtube.com/watch?v=lGF-lxL_ZCQ&pp=ygULcGMgaGFyZHdhcmU%3D,"Technology,pc hardware"
https://www.youtube.com/watch?v=5q_WFlREEKE&pp=ygULcGMgaGFyZHdhcmU%3D,"Technology,pc hardware"
https://www.youtube.com/watch?v=d86ws7mQYIg&pp=ygULcGMgaGFyZHdhcmU%3D,"Technology,pc hardware"
https://www.youtube.com/watch?v=jhXaAVEjGMw&pp=ygULcGMgaGFyZHdhcmU%3D,"Technology,pc hardware"
https://www.youtube.com/watch?v=fti7800_vQM&pp=ygULcGMgaGFyZHdhcmU%3D,"Technology,pc hardware"
https://www.youtube.com/watch?v=bBfzizeLD_Y&pp=ygULcGMgaGFyZHdhcmU%3D,"Technology,pc hardware"
https://www.youtube.com/watch?v=ON711s65eKc&pp=ygULcGMgaGFyZHdhcmU%3D,"Technology,pc hardware"
https://www.youtube.com/watch?v=DLb8IFee-DI&pp=ygULcGMgaGFyZHdhcmU%3D,"Technology,pc hardware"
https://www.youtube.com/watch?v=q-s55tHQXSE&pp=ygULcGMgaGFyZHdhcmU%3D,"Technology,pc hardware"
https://www.youtube.com/watch?v=BL4DCEp7blY&pp=ygULcGMgaGFyZHdhcmU%3D,"Technology,pc hardware"
https://www.youtube.com/watch?v=tr4bP4MCTDM&pp=ygULcGMgaGFyZHdhcmU%3D,"Technology,pc hardware"
https://www.youtube.com/watch?v=ToZEJGUE_Nc&pp=ygULcGMgaGFyZHdhcmU%3D,"Technology,pc hardware"
https://www.youtube.com/watch?v=aGtJxaf7QB8&pp=ygULcGMgaGFyZHdhcmU%3D,"Technology,pc hardware"
https://www.youtube.com/watch?v=8C_kHJ5YEiA&pp=ygULcGMgaGFyZHdhcmU%3D,"Technology,pc hardware"
https://www.youtube.com/watch?v=SSnNY8GfZig&pp=ygULcGMgaGFyZHdhcmU%3D,"Technology,pc hardware"
https://www.youtube.com/watch?v=wktwFaCA3Jg&pp=ygULcGMgaGFyZHdhcmU%3D,"Technology,pc hardware"
https://www.youtube.com/watch?v=6seRR8EicTA&pp=ygULcGMgaGFyZHdhcmU%3D,"Technology,pc hardware"
https://www.youtube.com/watch?v=6Tzhs1D3E1A&pp=ygULcGMgaGFyZHdhcmU%3D,"Technology,pc hardware"
https://www.youtube.com/watch?v=BXDfWekiLbE&pp=ygULcGMgaGFyZHdhcmU%3D,"Technology,pc hardware"
https://www.youtube.com/watch?v=BSOAQI-iEh8&pp=ygULcGMgaGFyZHdhcmU%3D,"Technology,pc hardware"
https://www.youtube.com/watch?v=K_0txIvJuPM&pp=ygULcGMgaGFyZHdhcmU%3D,"Technology,pc hardware"
https://www.youtube.com/watch?v=nTtdEYRh8WI&pp=ygULcGMgaGFyZHdhcmU%3D,"Technology,pc hardware"
https://www.youtube.com/watch?v=Mdl1Y-77e84&pp=ygULcGMgaGFyZHdhcmU%3D,"Technology,pc hardware"
https://www.youtube.com/watch?v=H6AHOjNBuO8&pp=ygULcGMgaGFyZHdhcmU%3D,"Technology,pc hardware"
https://www.youtube.com/watch?v=tC0pTx0zwsg&pp=ygULcGMgaGFyZHdhcmU%3D,"Technology,pc hardware"
https://www.youtube.com/watch?v=8L6QpnnevFY&pp=ygULcGMgaGFyZHdhcmU%3D,"Technology,pc hardware"
https://www.youtube.com/watch?v=Y4UBGVxwMt0&pp=ygULcGMgaGFyZHdhcmU%3D,"Technology,pc hardware"
https://www.youtube.com/watch?v=5Vhyxbhu6LA&pp=ygULcGMgaGFyZHdhcmU%3D,"Technology,pc hardware"
https://www.youtube.com/watch?v=p5R6qGy298E&pp=ygULcGMgaGFyZHdhcmU%3D,"Technology,pc hardware"
https://www.youtube.com/watch?v=x-zSLV2nweU&pp=ygULcGMgaGFyZHdhcmU%3D,"Technology,pc hardware"
https://www.youtube.com/watch?v=iNw1vGyCPZs&pp=ygULcGMgaGFyZHdhcmU%3D,"Technology,pc hardware"
https://www.youtube.com/watch?v=1WosOJ8zQoc&pp=ygULcGMgaGFyZHdhcmU%3D,"Technology,pc hardware"
https://www.youtube.com/watch?v=N60H4JzgV64&pp=ygULcGMgaGFyZHdhcmU%3D,"Technology,pc hardware"
https://www.youtube.com/watch?v=4_fMX5BwRKM&pp=ygULcGMgaGFyZHdhcmU%3D,"Technology,pc hardware"
https://www.youtube.com/watch?v=SY7iNTMjdrc&pp=ygULcGMgaGFyZHdhcmU%3D,"Technology,pc hardware"
https://www.youtube.com/watch?v=7ARV7vyAlzk&pp=ygULcGMgaGFyZHdhcmU%3D,"Technology,pc hardware"
https://www.youtube.com/watch?v=DdH76Iup_LU&pp=ygULcGMgaGFyZHdhcmU%3D,"Technology,pc hardware"
https://www.youtube.com/watch?v=wZ-QVOKGVyM&pp=ygULcGMgaGFyZHdhcmU%3D,"Technology,pc hardware"
https://www.youtube.com/watch?v=WgBMHlSIMTU&pp=ygULcGMgaGFyZHdhcmU%3D,"Technology,pc hardware"
https://www.youtube.com/watch?v=opy_lvc6DQw&pp=ygULcGMgaGFyZHdhcmU%3D,"Technology,pc hardware"
https://www.youtube.com/watch?v=HNAKbljVI00&pp=ygULcGMgaGFyZHdhcmU%3D,"Technology,pc hardware"
https://www.youtube.com/watch?v=9V9Z12u3lRU&pp=ygULcGMgaGFyZHdhcmU%3D,"Technology,pc hardware"
https://www.youtube.com/watch?v=_l928dd288Q&pp=ygULcGMgaGFyZHdhcmU%3D,"Technology,pc hardware"
https://www.youtube.com/watch?v=S6-5FCv7-_g&pp=ygULcGMgaGFyZHdhcmU%3D,"Technology,pc hardware"
https://www.youtube.com/watch?v=jecQ0lIaYrw&pp=ygULcGMgaGFyZHdhcmU%3D,"Technology,pc hardware"
https://www.youtube.com/watch?v=Ei3IuH8IZYI&pp=ygULcGMgaGFyZHdhcmU%3D,"Technology,pc hardware"
https://www.youtube.com/watch?v=El1vg4cE7rM&pp=ygULcGMgaGFyZHdhcmU%3D,"Technology,pc hardware"
https://www.youtube.com/watch?v=j1bucZPbmgk&pp=ygULcGMgaGFyZHdhcmU%3D,"Technology,pc hardware"
https://www.youtube.com/watch?v=NkDSg8uvZCg&pp=ygULcGMgaGFyZHdhcmU%3D,"Technology,pc hardware"
https://www.youtube.com/watch?v=q2Is-0uSBYo&pp=ygULcGMgaGFyZHdhcmU%3D,"Technology,pc hardware"
https://www.youtube.com/watch?v=xxjgDW7vhbs&pp=ygULcGMgaGFyZHdhcmU%3D,"Technology,pc hardware"
https://www.youtube.com/watch?v=dNEqCvJvwN4&pp=ygULcGMgaGFyZHdhcmU%3D,"Technology,pc hardware"
https://www.youtube.com/watch?v=2joA_S92p64&pp=ygULcGMgaGFyZHdhcmU%3D,"Technology,pc hardware"
https://www.youtube.com/watch?v=QGYeBKm4DAI&pp=ygULcGMgaGFyZHdhcmU%3D,"Technology,pc hardware"
https://www.youtube.com/watch?v=Jw2S-rLu9TQ&pp=ygULcGMgaGFyZHdhcmU%3D,"Technology,pc hardware"
https://www.youtube.com/watch?v=JirCwapScUs&pp=ygULcGMgaGFyZHdhcmU%3D,"Technology,pc hardware"
https://www.youtube.com/watch?v=cH5AiOoilbE&pp=ygULcGMgaGFyZHdhcmU%3D,"Technology,pc hardware"
https://www.youtube.com/watch?v=E7sJb647J78&pp=ygULcGMgaGFyZHdhcmU%3D,"Technology,pc hardware"
https://www.youtube.com/watch?v=1EbhMV7Wxv0&pp=ygULcGMgaGFyZHdhcmU%3D,"Technology,pc hardware"
https://www.youtube.com/watch?v=iK-iZ6uktGU&pp=ygULcGMgaGFyZHdhcmU%3D,"Technology,pc hardware"
https://www.youtube.com/watch?v=-8vqP-10yUk&pp=ygULcGMgaGFyZHdhcmU%3D,"Technology,pc hardware"
https://www.youtube.com/watch?v=8ETOiohcOC8&pp=ygULcGMgaGFyZHdhcmU%3D,"Technology,pc hardware"
https://www.youtube.com/watch?v=ofjL86PC1Yg&pp=ygULcGMgaGFyZHdhcmU%3D,"Technology,pc hardware"
https://www.youtube.com/watch?v=Wwc579Ov224&pp=ygULcGMgaGFyZHdhcmU%3D,"Technology,pc hardware"
https://www.youtube.com/watch?v=85GuW-TH-M0&pp=ygULcGMgaGFyZHdhcmU%3D,"Technology,pc hardware"
https://www.youtube.com/watch?v=jVb7BP4ZRKM&pp=ygULcGMgaGFyZHdhcmU%3D,"Technology,pc hardware"
https://www.youtube.com/watch?v=RZJf7kSp03c&pp=ygULcGMgaGFyZHdhcmU%3D,"Technology,pc hardware"
https://www.youtube.com/watch?v=RbnLCQ-X_7Q&pp=ygULcGMgaGFyZHdhcmU%3D,"Technology,pc hardware"
https://www.youtube.com/watch?v=3yCho_nqXdc&pp=ygULcGMgaGFyZHdhcmU%3D,"Technology,pc hardware"
https://www.youtube.com/watch?v=5yNiVaFs-kU&pp=ygULcGMgaGFyZHdhcmU%3D,"Technology,pc hardware"
https://www.youtube.com/watch?v=bLwOTQ8MW7s&pp=ygULcGMgaGFyZHdhcmU%3D,"Technology,pc hardware"
https://www.youtube.com/watch?v=cbwOkcLXywQ&pp=ygULcGMgaGFyZHdhcmU%3D,"Technology,pc hardware"
https://www.youtube.com/watch?v=m5KnaSZNR68&pp=ygULcGMgaGFyZHdhcmU%3D,"Technology,pc hardware"
https://www.youtube.com/watch?v=hflftPSlaMk&pp=ygULcGMgaGFyZHdhcmU%3D,"Technology,pc hardware"
https://www.youtube.com/watch?v=3vSnVvtv_PQ&pp=ygULcGMgaGFyZHdhcmU%3D,"Technology,pc hardware"
https://www.youtube.com/watch?v=tmjf-YEBSOo&pp=ygULcGMgaGFyZHdhcmU%3D,"Technology,pc hardware"
https://www.youtube.com/watch?v=zpFZRSRFjzw&pp=ygULcGMgaGFyZHdhcmU%3D,"Technology,pc hardware"
https://www.youtube.com/watch?v=nt4Otpg6EuM&pp=ygULcGMgaGFyZHdhcmU%3D,"Technology,pc hardware"
https://www.youtube.com/watch?v=xnyFYiK2rSY&pp=ygULcGMgaGFyZHdhcmU%3D,"Technology,pc hardware"
https://www.youtube.com/watch?v=HB4I2CgkcCo&pp=ygULcGMgaGFyZHdhcmU%3D,"Technology,pc hardware"
https://www.youtube.com/watch?v=89scHyf803s&pp=ygULcGMgaGFyZHdhcmU%3D,"Technology,pc hardware"
https://www.youtube.com/watch?v=XQo-WmxdJ8E&pp=ygULcGMgaGFyZHdhcmU%3D,"Technology,pc hardware"
https://www.youtube.com/watch?v=gQZYMRCDluo&pp=ygULcGMgaGFyZHdhcmU%3D,"Technology,pc hardware"
https://www.youtube.com/watch?v=NVJtSnSDARE&pp=ygULcGMgaGFyZHdhcmU%3D,"Technology,pc hardware"
https://www.youtube.com/watch?v=vsG3F9mSV-A&pp=ygULcGMgaGFyZHdhcmU%3D,"Technology,pc hardware"
https://www.youtube.com/watch?v=zthpgAEUUS0&pp=ygULcGMgaGFyZHdhcmU%3D,"Technology,pc hardware"
https://www.youtube.com/watch?v=uTt9vibCns0&pp=ygULcGMgaGFyZHdhcmU%3D,"Technology,pc hardware"
https://www.youtube.com/watch?v=hGE0go93I40&pp=ygULcGMgaGFyZHdhcmU%3D,"Technology,pc hardware"
https://www.youtube.com/watch?v=N9AcK4N82b8&pp=ygULcGMgaGFyZHdhcmU%3D,"Technology,pc hardware"
https://www.youtube.com/watch?v=mfCwA6owpeo&pp=ygULcGMgaGFyZHdhcmU%3D,"Technology,pc hardware"
https://www.youtube.com/watch?v=14GKIpGPNRM&pp=ygULcGMgaGFyZHdhcmU%3D,"Technology,pc hardware"
https://www.youtube.com/watch?v=BTGUioeht6I&pp=ygULcGMgaGFyZHdhcmU%3D,"Technology,pc hardware"
https://www.youtube.com/watch?v=s7jbyKHCkRE&pp=ygULcGMgaGFyZHdhcmU%3D,"Technology,pc hardware"
https://www.youtube.com/watch?v=kkOtoFIgMsk&pp=ygULcGMgaGFyZHdhcmU%3D,"Technology,pc hardware"
https://www.youtube.com/watch?v=p_81tPu_Zg4&pp=ygULcGMgaGFyZHdhcmU%3D,"Technology,pc hardware"
https://www.youtube.com/watch?v=qLRDK_VMNUo&pp=ygULcGMgaGFyZHdhcmU%3D,"Technology,pc hardware"
https://www.youtube.com/watch?v=3uztPhfBBGQ&pp=ygULcGMgaGFyZHdhcmU%3D,"Technology,pc hardware"
https://www.youtube.com/watch?v=zXVpaPbBd_8&pp=ygULcGMgaGFyZHdhcmU%3D,"Technology,pc hardware"
https://www.youtube.com/watch?v=EVN_Q9kcSpk&pp=ygULcGMgaGFyZHdhcmU%3D,"Technology,pc hardware"
https://www.youtube.com/watch?v=bNdUFUcQiQg&pp=ygULcGMgaGFyZHdhcmU%3D,"Technology,pc hardware"
https://www.youtube.com/watch?v=sHsNPoM5iqs&pp=ygULcGMgaGFyZHdhcmU%3D,"Technology,pc hardware"
https://www.youtube.com/watch?v=N79WAC7_BtI&pp=ygULcGMgaGFyZHdhcmU%3D,"Technology,pc hardware"
https://www.youtube.com/watch?v=qlSTd4jp41Y&pp=ygULcGMgaGFyZHdhcmU%3D,"Technology,pc hardware"
https://www.youtube.com/watch?v=KvMlUUg-wLo&pp=ygULcGMgaGFyZHdhcmU%3D,"Technology,pc hardware"
https://www.youtube.com/watch?v=B1riLcU90NA&pp=ygULcGMgaGFyZHdhcmU%3D,"Technology,pc hardware"
https://www.youtube.com/watch?v=GNKEV1i-Ccw&pp=ygULcGMgaGFyZHdhcmU%3D,"Technology,pc hardware"
https://www.youtube.com/watch?v=FmiGCIQonI0&pp=ygULcGMgaGFyZHdhcmU%3D,"Technology,pc hardware"
https://www.youtube.com/watch?v=BQ308X5_xn4&pp=ygULcGMgaGFyZHdhcmU%3D,"Technology,pc hardware"
https://www.youtube.com/watch?v=VHMEDQKvOpM&pp=ygULcGMgaGFyZHdhcmU%3D,"Technology,pc hardware"
https://www.youtube.com/watch?v=p9UAHfhQuvQ&pp=ygULcGMgaGFyZHdhcmU%3D,"Technology,pc hardware"
https://www.youtube.com/watch?v=XqY-BL5pLjQ&pp=ygULcGMgaGFyZHdhcmU%3D,"Technology,pc hardware"
https://www.youtube.com/watch?v=aIlRV5YHnJU&pp=ygULcGMgaGFyZHdhcmU%3D,"Technology,pc hardware"
https://www.youtube.com/watch?v=9ZqgK1LwiZ4&pp=ygULcGMgaGFyZHdhcmU%3D,"Technology,pc hardware"
https://www.youtube.com/watch?v=sYQOhrHSriY&pp=ygULcGMgaGFyZHdhcmU%3D,"Technology,pc hardware"
https://www.youtube.com/watch?v=g8IDQeVkkMM&pp=ygULcGMgaGFyZHdhcmU%3D,"Technology,pc hardware"
https://www.youtube.com/watch?v=AHR80l7od2Q&pp=ygULcGMgaGFyZHdhcmU%3D,"Technology,pc hardware"
https://www.youtube.com/watch?v=_ChM31P6LAM&pp=ygULcGMgaGFyZHdhcmU%3D,"Technology,pc hardware"
