https://www.youtube.com/watch?v=fsW7td0lWnE&pp=ygUMY29tcHV0ZXIgZ3B1,"Technology,computer gpu"
https://www.youtube.com/watch?v=_LC56qbmWts&pp=ygUMY29tcHV0ZXIgZ3B1,"Technology,computer gpu"
https://www.youtube.com/watch?v=nyDxrTHDjXQ&pp=ygUMY29tcHV0ZXIgZ3B1,"Technology,computer gpu"
https://www.youtube.com/watch?v=p3S1vG-WnBs&pp=ygUMY29tcHV0ZXIgZ3B1,"Technology,computer gpu"
https://www.youtube.com/watch?v=F83sa8n6FhA&pp=ygUMY29tcHV0ZXIgZ3B1,"Technology,computer gpu"
https://www.youtube.com/watch?v=tW2S_LB4G8E&pp=ygUMY29tcHV0ZXIgZ3B1,"Technology,computer gpu"
https://www.youtube.com/watch?v=eQSvgeEi2z4&pp=ygUMY29tcHV0ZXIgZ3B1,"Technology,computer gpu"
https://www.youtube.com/watch?v=Woaz_O9aNCI&pp=ygUMY29tcHV0ZXIgZ3B1,"Technology,computer gpu"
https://www.youtube.com/watch?v=658n_Ym8dkk&pp=ygUMY29tcHV0ZXIgZ3B1,"Technology,computer gpu"
https://www.youtube.com/watch?v=3qCZVl335js&pp=ygUMY29tcHV0ZXIgZ3B1,"Technology,computer gpu"
https://www.youtube.com/watch?v=F1ythHjdWI0&pp=ygUMY29tcHV0ZXIgZ3B1,"Technology,computer gpu"
https://www.youtube.com/watch?v=3l10o0DYJXg&pp=ygUMY29tcHV0ZXIgZ3B1,"Technology,computer gpu"
https://www.youtube.com/watch?v=2A-DzR2Wy9I&pp=ygUMY29tcHV0ZXIgZ3B1,"Technology,computer gpu"
https://www.youtube.com/watch?v=-BY_9_8t6_k&pp=ygUMY29tcHV0ZXIgZ3B1,"Technology,computer gpu"
https://www.youtube.com/watch?v=Kgcfj_KV-mo&pp=ygUMY29tcHV0ZXIgZ3B1,"Technology,computer gpu"
https://www.youtube.com/watch?v=r5NQecwZs1A&pp=ygUMY29tcHV0ZXIgZ3B1,"Technology,computer gpu"
https://www.youtube.com/watch?v=A0RK0ejGKZQ&pp=ygUMY29tcHV0ZXIgZ3B1,"Technology,computer gpu"
https://www.youtube.com/watch?v=3jGOE1bQdt4&pp=ygUMY29tcHV0ZXIgZ3B1,"Technology,computer gpu"
https://www.youtube.com/watch?v=IhThRTuauDQ&pp=ygUMY29tcHV0ZXIgZ3B1,"Technology,computer gpu"
https://www.youtube.com/watch?v=KEC70lNNdI0&pp=ygUMY29tcHV0ZXIgZ3B1,"Technology,computer gpu"
https://www.youtube.com/watch?v=GZqeus4Rec0&pp=ygUMY29tcHV0ZXIgZ3B1,"Technology,computer gpu"
https://www.youtube.com/watch?v=Jr1cC7pyZME&pp=ygUMY29tcHV0ZXIgZ3B1,"Technology,computer gpu"
https://www.youtube.com/watch?v=i6GNCOF4axo&pp=ygUMY29tcHV0ZXIgZ3B1,"Technology,computer gpu"
https://www.youtube.com/watch?v=1kypaBjJ-pg&pp=ygUMY29tcHV0ZXIgZ3B1,"Technology,computer gpu"
https://www.youtube.com/watch?v=LNvsgqxBGOM&pp=ygUMY29tcHV0ZXIgZ3B1,"Technology,computer gpu"
https://www.youtube.com/watch?v=r9IqwpMR9TE&pp=ygUMY29tcHV0ZXIgZ3B1,"Technology,computer gpu"
https://www.youtube.com/watch?v=DKi6XDPeYms&pp=ygUMY29tcHV0ZXIgZ3B1,"Technology,computer gpu"
https://www.youtube.com/watch?v=YzIrBnHx1RA&pp=ygUMY29tcHV0ZXIgZ3B1,"Technology,computer gpu"
https://www.youtube.com/watch?v=ywR9Cz3Fzyk&pp=ygUMY29tcHV0ZXIgZ3B1,"Technology,computer gpu"
https://www.youtube.com/watch?v=YVbjl69z3HE&pp=ygUMY29tcHV0ZXIgZ3B1,"Technology,computer gpu"
https://www.youtube.com/watch?v=YWTdA_FLwbM&pp=ygUMY29tcHV0ZXIgZ3B1,"Technology,computer gpu"
https://www.youtube.com/watch?v=F2z5iP9EcnI&pp=ygUMY29tcHV0ZXIgZ3B1,"Technology,computer gpu"
https://www.youtube.com/watch?v=_DNxgnINNAY&pp=ygUMY29tcHV0ZXIgZ3B1,"Technology,computer gpu"
https://www.youtube.com/watch?v=x-j8YQx3KmU&pp=ygUMY29tcHV0ZXIgZ3B1,"Technology,computer gpu"
https://www.youtube.com/watch?v=0EIwhvqCX1c&pp=ygUMY29tcHV0ZXIgZ3B1,"Technology,computer gpu"
https://www.youtube.com/watch?v=GDyL2tPyXFA&pp=ygUMY29tcHV0ZXIgZ3B1,"Technology,computer gpu"
https://www.youtube.com/watch?v=j7hRAdIOZs4&pp=ygUMY29tcHV0ZXIgZ3B1,"Technology,computer gpu"
https://www.youtube.com/watch?v=s29t_9MkeEY&pp=ygUMY29tcHV0ZXIgZ3B1,"Technology,computer gpu"
https://www.youtube.com/watch?v=hGzKhTk-bQo&pp=ygUMY29tcHV0ZXIgZ3B1,"Technology,computer gpu"
https://www.youtube.com/watch?v=nrqX_Ob-mbg&pp=ygUMY29tcHV0ZXIgZ3B1,"Technology,computer gpu"
https://www.youtube.com/watch?v=UnVrtDzwaeI&pp=ygUMY29tcHV0ZXIgZ3B1,"Technology,computer gpu"
https://www.youtube.com/watch?v=It9D08W8Z7o&pp=ygUMY29tcHV0ZXIgZ3B1,"Technology,computer gpu"
https://www.youtube.com/watch?v=7LrK3vY8Ub8&pp=ygUMY29tcHV0ZXIgZ3B1,"Technology,computer gpu"
https://www.youtube.com/watch?v=A26GhyEsTPA&pp=ygUMY29tcHV0ZXIgZ3B1,"Technology,computer gpu"
https://www.youtube.com/watch?v=SrAMBi_8tIk&pp=ygUMY29tcHV0ZXIgZ3B1,"Technology,computer gpu"
https://www.youtube.com/watch?v=lnfeqanjnCA&pp=ygUMY29tcHV0ZXIgZ3B1,"Technology,computer gpu"
https://www.youtube.com/watch?v=lsZzrrta3ig&pp=ygUMY29tcHV0ZXIgZ3B1,"Technology,computer gpu"
https://www.youtube.com/watch?v=aHnd6PAd4C0&pp=ygUMY29tcHV0ZXIgZ3B1,"Technology,computer gpu"
https://www.youtube.com/watch?v=wHns-AajQi0&pp=ygUMY29tcHV0ZXIgZ3B1,"Technology,computer gpu"
https://www.youtube.com/watch?v=nmmH5cSl0Rw&pp=ygUMY29tcHV0ZXIgZ3B1,"Technology,computer gpu"
https://www.youtube.com/watch?v=_cyVDoyI6NE&pp=ygUMY29tcHV0ZXIgZ3B1,"Technology,computer gpu"
https://www.youtube.com/watch?v=1DRiFMgxVNc&pp=ygUMY29tcHV0ZXIgZ3B1,"Technology,computer gpu"
https://www.youtube.com/watch?v=ALB8FXuJ8Lc&pp=ygUMY29tcHV0ZXIgZ3B1,"Technology,computer gpu"
https://www.youtube.com/watch?v=f6l6fiX7yDQ&pp=ygUMY29tcHV0ZXIgZ3B1,"Technology,computer gpu"
https://www.youtube.com/watch?v=IF4G6cPMh0w&pp=ygUMY29tcHV0ZXIgZ3B1,"Technology,computer gpu"
https://www.youtube.com/watch?v=V-cnBOPMs9M&pp=ygUMY29tcHV0ZXIgZ3B1,"Technology,computer gpu"
https://www.youtube.com/watch?v=knnhOSYGx0A&pp=ygUMY29tcHV0ZXIgZ3B1,"Technology,computer gpu"
https://www.youtube.com/watch?v=hlyFjjJGaow&pp=ygUMY29tcHV0ZXIgZ3B1,"Technology,computer gpu"
https://www.youtube.com/watch?v=8sDg-lD1fZQ&pp=ygUMY29tcHV0ZXIgZ3B1,"Technology,computer gpu"
https://www.youtube.com/watch?v=iADuCId7xN4&pp=ygUMY29tcHV0ZXIgZ3B1,"Technology,computer gpu"
https://www.youtube.com/watch?v=33Tvwr3CSIc&pp=ygUMY29tcHV0ZXIgZ3B1,"Technology,computer gpu"
https://www.youtube.com/watch?v=uqcfg5-S15M&pp=ygUMY29tcHV0ZXIgZ3B1,"Technology,computer gpu"
https://www.youtube.com/watch?v=LAeWNPtAfYk&pp=ygUMY29tcHV0ZXIgZ3B1,"Technology,computer gpu"
https://www.youtube.com/watch?v=T57gDA6nViA&pp=ygUMY29tcHV0ZXIgZ3B1,"Technology,computer gpu"
https://www.youtube.com/watch?v=pZlIKjYHxxs&pp=ygUMY29tcHV0ZXIgZ3B1,"Technology,computer gpu"
https://www.youtube.com/watch?v=CceySwjc1RM&pp=ygUMY29tcHV0ZXIgZ3B1,"Technology,computer gpu"
https://www.youtube.com/watch?v=_kCcrEg3E_k&pp=ygUMY29tcHV0ZXIgZ3B1,"Technology,computer gpu"
https://www.youtube.com/watch?v=GmtAgH5ZnQ4&pp=ygUMY29tcHV0ZXIgZ3B1,"Technology,computer gpu"
https://www.youtube.com/watch?v=pQrM5L6C-FQ&pp=ygUMY29tcHV0ZXIgZ3B1,"Technology,computer gpu"
https://www.youtube.com/watch?v=2G06YRl9TWo&pp=ygUMY29tcHV0ZXIgZ3B1,"Technology,computer gpu"
https://www.youtube.com/watch?v=7BL-EhCDGaA&pp=ygUMY29tcHV0ZXIgZ3B1,"Technology,computer gpu"
https://www.youtube.com/watch?v=cvnMKHVXzy0&pp=ygUMY29tcHV0ZXIgZ3B1,"Technology,computer gpu"
https://www.youtube.com/watch?v=8lxvoyluzgQ&pp=ygUMY29tcHV0ZXIgZ3B1,"Technology,computer gpu"
https://www.youtube.com/watch?v=-P28LKWTzrI&pp=ygUMY29tcHV0ZXIgZ3B1,"Technology,computer gpu"
https://www.youtube.com/watch?v=Dn5Dd1yY1k8&pp=ygUMY29tcHV0ZXIgZ3B1,"Technology,computer gpu"
https://www.youtube.com/watch?v=M1fzVIaoPEQ&pp=ygUMY29tcHV0ZXIgZ3B1,"Technology,computer gpu"
https://www.youtube.com/watch?v=N0c1xTLZZQI&pp=ygUMY29tcHV0ZXIgZ3B1,"Technology,computer gpu"
https://www.youtube.com/watch?v=efTzpJ0cfnQ&pp=ygUMY29tcHV0ZXIgZ3B1,"Technology,computer gpu"
https://www.youtube.com/watch?v=Nds36OxdLpw&pp=ygUMY29tcHV0ZXIgZ3B1,"Technology,computer gpu"
https://www.youtube.com/watch?v=LBMxiTFoj8Y&pp=ygUMY29tcHV0ZXIgZ3B1,"Technology,computer gpu"
https://www.youtube.com/watch?v=lZDWQV0t4WY&pp=ygUMY29tcHV0ZXIgZ3B1,"Technology,computer gpu"
https://www.youtube.com/watch?v=13k0-w3sX_4&pp=ygUMY29tcHV0ZXIgZ3B1,"Technology,computer gpu"
https://www.youtube.com/watch?v=B1Lzo1NafDI&pp=ygUMY29tcHV0ZXIgZ3B1,"Technology,computer gpu"
https://www.youtube.com/watch?v=LfdK-v0SbGI&pp=ygUMY29tcHV0ZXIgZ3B1,"Technology,computer gpu"
https://www.youtube.com/watch?v=S1xkLWaMWxQ&pp=ygUMY29tcHV0ZXIgZ3B1,"Technology,computer gpu"
https://www.youtube.com/watch?v=bZdxcHEM-uc&pp=ygUMY29tcHV0ZXIgZ3B1,"Technology,computer gpu"
https://www.youtube.com/watch?v=7nPuhTkxoG8&pp=ygUMY29tcHV0ZXIgZ3B1,"Technology,computer gpu"
https://www.youtube.com/watch?v=hRiSXgVL4VI&pp=ygUMY29tcHV0ZXIgZ3B1,"Technology,computer gpu"
https://www.youtube.com/watch?v=SkrPxUXRbV0&pp=ygUMY29tcHV0ZXIgZ3B1,"Technology,computer gpu"
https://www.youtube.com/watch?v=b2dX7IDQExM&pp=ygUMY29tcHV0ZXIgZ3B1,"Technology,computer gpu"
https://www.youtube.com/watch?v=cehXZftIYok&pp=ygUMY29tcHV0ZXIgZ3B1,"Technology,computer gpu"
https://www.youtube.com/watch?v=_6zGlk8y1Ks&pp=ygUMY29tcHV0ZXIgZ3B1,"Technology,computer gpu"
https://www.youtube.com/watch?v=i4W9g_huGo0&pp=ygUMY29tcHV0ZXIgZ3B1,"Technology,computer gpu"
https://www.youtube.com/watch?v=sJtoYLbWc6o&pp=ygUMY29tcHV0ZXIgZ3B1,"Technology,computer gpu"
https://www.youtube.com/watch?v=m5YM9I8K8Y8&pp=ygUMY29tcHV0ZXIgZ3B1,"Technology,computer gpu"
https://www.youtube.com/watch?v=sASHFzhIJXI&pp=ygUMY29tcHV0ZXIgZ3B1,"Technology,computer gpu"
https://www.youtube.com/watch?v=cJROlT_ccFM&pp=ygUMY29tcHV0ZXIgZ3B1,"Technology,computer gpu"
https://www.youtube.com/watch?v=WiB_3lkKZ-Q&pp=ygUMY29tcHV0ZXIgZ3B1,"Technology,computer gpu"
