https://www.youtube.com/watch?v=8FaXyJ2Q8rM&pp=ygUNbGFwdG9wIHJldmlldw%3D%3D,"Technology,laptop review"
https://www.youtube.com/watch?v=BveUXp5bVn8&pp=ygUNbGFwdG9wIHJldmlldw%3D%3D,"Technology,laptop review"
https://www.youtube.com/watch?v=k5snPCKIKB0&pp=ygUNbGFwdG9wIHJldmlldw%3D%3D,"Technology,laptop review"
https://www.youtube.com/watch?v=4HiW-3pDUwk&pp=ygUNbGFwdG9wIHJldmlldw%3D%3D,"Technology,laptop review"
https://www.youtube.com/watch?v=A6hf33n2Ibc&pp=ygUNbGFwdG9wIHJldmlldw%3D%3D,"Technology,laptop review"
https://www.youtube.com/watch?v=mQBIviebspk&pp=ygUNbGFwdG9wIHJldmlldw%3D%3D,"Technology,laptop review"
https://www.youtube.com/watch?v=5B2Wjul3RBY&pp=ygUNbGFwdG9wIHJldmlldw%3D%3D,"Technology,laptop review"
https://www.youtube.com/watch?v=BV1O7RR-VoA&pp=ygUNbGFwdG9wIHJldmlldw%3D%3D,"Technology,laptop review"
https://www.youtube.com/watch?v=e3jCXv0RKk8&pp=ygUNbGFwdG9wIHJldmlldw%3D%3D,"Technology,laptop review"
https://www.youtube.com/watch?v=GmDOjg164WY&pp=ygUNbGFwdG9wIHJldmlldw%3D%3D,"Technology,laptop review"
https://www.youtube.com/watch?v=-WrsAloKr9s&pp=ygUNbGFwdG9wIHJldmlldw%3D%3D,"Technology,laptop review"
https://www.youtube.com/watch?v=lJWs7uGNsRo&pp=ygUNbGFwdG9wIHJldmlldw%3D%3D,"Technology,laptop review"
https://www.youtube.com/watch?v=9U2Vk5w5avw&pp=ygUNbGFwdG9wIHJldmlldw%3D%3D,"Technology,laptop review"
https://www.youtube.com/watch?v=YLZMgfvE76o&pp=ygUNbGFwdG9wIHJldmlldw%3D%3D,"Technology,laptop review"
https://www.youtube.com/watch?v=DEEc65x4SMs&pp=ygUNbGFwdG9wIHJldmlldw%3D%3D,"Technology,laptop review"
https://www.youtube.com/watch?v=bMDSikB6ooE&pp=ygUNbGFwdG9wIHJldmlldw%3D%3D,"Technology,laptop review"
https://www.youtube.com/watch?v=zpzb60vk-B0&pp=ygUNbGFwdG9wIHJldmlldw%3D%3D,"Technology,laptop review"
https://www.youtube.com/watch?v=ZJBUsk7fugE&pp=ygUNbGFwdG9wIHJldmlldw%3D%3D,"Technology,laptop review"
https://www.youtube.com/watch?v=r361AvygBiA&pp=ygUNbGFwdG9wIHJldmlldw%3D%3D,"Technology,laptop review"
https://www.youtube.com/watch?v=gp8JOmHEfos&pp=ygUNbGFwdG9wIHJldmlldw%3D%3D,"Technology,laptop review"
https://www.youtube.com/watch?v=XNMOgtdhohM&pp=ygUNbGFwdG9wIHJldmlldw%3D%3D,"Technology,laptop review"
https://www.youtube.com/watch?v=C3qiyvjkOkY&pp=ygUNbGFwdG9wIHJldmlldw%3D%3D,"Technology,laptop review"
https://www.youtube.com/watch?v=MT2s3MK66zQ&pp=ygUNbGFwdG9wIHJldmlldw%3D%3D,"Technology,laptop review"
https://www.youtube.com/watch?v=ducbASnOLMw&pp=ygUNbGFwdG9wIHJldmlldw%3D%3D,"Technology,laptop review"
https://www.youtube.com/watch?v=ZsHCs_IfRUs&pp=ygUNbGFwdG9wIHJldmlldw%3D%3D,"Technology,laptop review"
https://www.youtube.com/watch?v=FLc4Zwp0QBU&pp=ygUNbGFwdG9wIHJldmlldw%3D%3D,"Technology,laptop review"
https://www.youtube.com/watch?v=kvARTf2uMcA&pp=ygUNbGFwdG9wIHJldmlldw%3D%3D,"Technology,laptop review"
https://www.youtube.com/watch?v=H1bN3cWUaCE&pp=ygUNbGFwdG9wIHJldmlldw%3D%3D,"Technology,laptop review"
https://www.youtube.com/watch?v=g2bKqZkp0C0&pp=ygUNbGFwdG9wIHJldmlldw%3D%3D,"Technology,laptop review"
https://www.youtube.com/watch?v=IXUQXnu_lU0&pp=ygUNbGFwdG9wIHJldmlldw%3D%3D,"Technology,laptop review"
https://www.youtube.com/watch?v=vBnpGIZK9R0&pp=ygUNbGFwdG9wIHJldmlldw%3D%3D,"Technology,laptop review"
https://www.youtube.com/watch?v=iTgo2_OG7WU&pp=ygUNbGFwdG9wIHJldmlldw%3D%3D,"Technology,laptop review"
https://www.youtube.com/watch?v=1TCuf_Qcfv8&pp=ygUNbGFwdG9wIHJldmlldw%3D%3D,"Technology,laptop review"
https://www.youtube.com/watch?v=R2nsJ1JrNm8&pp=ygUNbGFwdG9wIHJldmlldw%3D%3D,"Technology,laptop review"
https://www.youtube.com/watch?v=QKNn_GXAMlw&pp=ygUNbGFwdG9wIHJldmlldw%3D%3D,"Technology,laptop review"
https://www.youtube.com/watch?v=0w42kGVEJ70&pp=ygUNbGFwdG9wIHJldmlldw%3D%3D,"Technology,laptop review"
https://www.youtube.com/watch?v=2JQn9QxU1-s&pp=ygUNbGFwdG9wIHJldmlldw%3D%3D,"Technology,laptop review"
https://www.youtube.com/watch?v=XpYHWLQYvWA&pp=ygUNbGFwdG9wIHJldmlldw%3D%3D,"Technology,laptop review"
https://www.youtube.com/watch?v=PlDLgNNq9TM&pp=ygUNbGFwdG9wIHJldmlldw%3D%3D,"Technology,laptop review"
https://www.youtube.com/watch?v=Cxw8di7aV1M&pp=ygUNbGFwdG9wIHJldmlldw%3D%3D,"Technology,laptop review"
https://www.youtube.com/watch?v=nCcdbIHPGQo&pp=ygUNbGFwdG9wIHJldmlldw%3D%3D,"Technology,laptop review"
https://www.youtube.com/watch?v=Kch1PY6XcmQ&pp=ygUNbGFwdG9wIHJldmlldw%3D%3D,"Technology,laptop review"
https://www.youtube.com/watch?v=8WEjHWb5mfE&pp=ygUNbGFwdG9wIHJldmlldw%3D%3D,"Technology,laptop review"
https://www.youtube.com/watch?v=cJuEIXtKqm0&pp=ygUNbGFwdG9wIHJldmlldw%3D%3D,"Technology,laptop review"
https://www.youtube.com/watch?v=M-DM70MYijs&pp=ygUNbGFwdG9wIHJldmlldw%3D%3D,"Technology,laptop review"
https://www.youtube.com/watch?v=BzxwfW49weo&pp=ygUNbGFwdG9wIHJldmlldw%3D%3D,"Technology,laptop review"
https://www.youtube.com/watch?v=R9nlkgw8TE8&pp=ygUNbGFwdG9wIHJldmlldw%3D%3D,"Technology,laptop review"
https://www.youtube.com/watch?v=EZXkoCMK-q0&pp=ygUNbGFwdG9wIHJldmlldw%3D%3D,"Technology,laptop review"
https://www.youtube.com/watch?v=GnrJg7A7E3M&pp=ygUNbGFwdG9wIHJldmlldw%3D%3D,"Technology,laptop review"
https://www.youtube.com/watch?v=L1LpsjoYu8c&pp=ygUNbGFwdG9wIHJldmlldw%3D%3D,"Technology,laptop review"
https://www.youtube.com/watch?v=RJJreOcOvag&pp=ygUNbGFwdG9wIHJldmlldw%3D%3D,"Technology,laptop review"
https://www.youtube.com/watch?v=7HduxNQrjl8&pp=ygUNbGFwdG9wIHJldmlldw%3D%3D,"Technology,laptop review"
https://www.youtube.com/watch?v=j8HQYaXw_4w&pp=ygUNbGFwdG9wIHJldmlldw%3D%3D,"Technology,laptop review"
https://www.youtube.com/watch?v=RIphIqHEdxY&pp=ygUNbGFwdG9wIHJldmlldw%3D%3D,"Technology,laptop review"
https://www.youtube.com/watch?v=hebP6Vo15qU&pp=ygUNbGFwdG9wIHJldmlldw%3D%3D,"Technology,laptop review"
https://www.youtube.com/watch?v=w8PTR9H1e9M&pp=ygUNbGFwdG9wIHJldmlldw%3D%3D,"Technology,laptop review"
https://www.youtube.com/watch?v=l0Sv143XAh4&pp=ygUNbGFwdG9wIHJldmlldw%3D%3D,"Technology,laptop review"
https://www.youtube.com/watch?v=w_61VE-YCrY&pp=ygUNbGFwdG9wIHJldmlldw%3D%3D,"Technology,laptop review"
https://www.youtube.com/watch?v=6ZJFciRzxBI&pp=ygUNbGFwdG9wIHJldmlldw%3D%3D,"Technology,laptop review"
https://www.youtube.com/watch?v=YHFt4-jvIl0&pp=ygUNbGFwdG9wIHJldmlldw%3D%3D,"Technology,laptop review"
https://www.youtube.com/watch?v=-nzaPSYrOOo&pp=ygUNbGFwdG9wIHJldmlldw%3D%3D,"Technology,laptop review"
https://www.youtube.com/watch?v=tpoa6P1zB5E&pp=ygUNbGFwdG9wIHJldmlldw%3D%3D,"Technology,laptop review"
https://www.youtube.com/watch?v=VxySeDsTCxQ&pp=ygUNbGFwdG9wIHJldmlldw%3D%3D,"Technology,laptop review"
https://www.youtube.com/watch?v=Gd5hIIb8_XI&pp=ygUNbGFwdG9wIHJldmlldw%3D%3D,"Technology,laptop review"
https://www.youtube.com/watch?v=yWizwQDRXm0&pp=ygUNbGFwdG9wIHJldmlldw%3D%3D,"Technology,laptop review"
https://www.youtube.com/watch?v=bHGJFk5Yw2k&pp=ygUNbGFwdG9wIHJldmlldw%3D%3D,"Technology,laptop review"
https://www.youtube.com/watch?v=T_RGUYTFyk4&pp=ygUNbGFwdG9wIHJldmlldw%3D%3D,"Technology,laptop review"
https://www.youtube.com/watch?v=Cz1otFOjJwM&pp=ygUNbGFwdG9wIHJldmlldw%3D%3D,"Technology,laptop review"
https://www.youtube.com/watch?v=pxiP-HJLCx0&pp=ygUNbGFwdG9wIHJldmlldw%3D%3D,"Technology,laptop review"
https://www.youtube.com/watch?v=HYzvMSXOCDA&pp=ygUNbGFwdG9wIHJldmlldw%3D%3D,"Technology,laptop review"
https://www.youtube.com/watch?v=4imnaQhpotI&pp=ygUNbGFwdG9wIHJldmlldw%3D%3D,"Technology,laptop review"
https://www.youtube.com/watch?v=Y0tYtatquj8&pp=ygUNbGFwdG9wIHJldmlldw%3D%3D,"Technology,laptop review"
https://www.youtube.com/watch?v=0rkTgPt3M4k&pp=ygUNbGFwdG9wIHJldmlldw%3D%3D,"Technology,laptop review"
https://www.youtube.com/watch?v=4Q3LDx1sR-w&pp=ygUNbGFwdG9wIHJldmlldw%3D%3D,"Technology,laptop review"
https://www.youtube.com/watch?v=ptywF5plplc&pp=ygUNbGFwdG9wIHJldmlldw%3D%3D,"Technology,laptop review"
https://www.youtube.com/watch?v=P6I-bB5KXyU&pp=ygUNbGFwdG9wIHJldmlldw%3D%3D,"Technology,laptop review"
https://www.youtube.com/watch?v=UXM_tnAR8WM&pp=ygUNbGFwdG9wIHJldmlldw%3D%3D,"Technology,laptop review"
https://www.youtube.com/watch?v=Oa4AmOyDauo&pp=ygUNbGFwdG9wIHJldmlldw%3D%3D,"Technology,laptop review"
https://www.youtube.com/watch?v=3U0Dicp4qy4&pp=ygUNbGFwdG9wIHJldmlldw%3D%3D,"Technology,laptop review"
https://www.youtube.com/watch?v=6CkIpzTrlEQ&pp=ygUNbGFwdG9wIHJldmlldw%3D%3D,"Technology,laptop review"
https://www.youtube.com/watch?v=ACo0vaf2DE0&pp=ygUNbGFwdG9wIHJldmlldw%3D%3D,"Technology,laptop review"
https://www.youtube.com/watch?v=8TlrXc3TYgs&pp=ygUNbGFwdG9wIHJldmlldw%3D%3D,"Technology,laptop review"
https://www.youtube.com/watch?v=pWEGRDvo4uc&pp=ygUNbGFwdG9wIHJldmlldw%3D%3D,"Technology,laptop review"
https://www.youtube.com/watch?v=jNbIOKV1PVA&pp=ygUNbGFwdG9wIHJldmlldw%3D%3D,"Technology,laptop review"
https://www.youtube.com/watch?v=XZNfxtAc_1M&pp=ygUNbGFwdG9wIHJldmlldw%3D%3D,"Technology,laptop review"
https://www.youtube.com/watch?v=pMcQpTPHmjE&pp=ygUNbGFwdG9wIHJldmlldw%3D%3D,"Technology,laptop review"
https://www.youtube.com/watch?v=iIwm_WVfCyk&pp=ygUNbGFwdG9wIHJldmlldw%3D%3D,"Technology,laptop review"
https://www.youtube.com/watch?v=fNYZkqIn8rg&pp=ygUNbGFwdG9wIHJldmlldw%3D%3D,"Technology,laptop review"
https://www.youtube.com/watch?v=KFIr7eRsZMA&pp=ygUNbGFwdG9wIHJldmlldw%3D%3D,"Technology,laptop review"
https://www.youtube.com/watch?v=E04uAwGoXPQ&pp=ygUNbGFwdG9wIHJldmlldw%3D%3D,"Technology,laptop review"
https://www.youtube.com/watch?v=FwxLjZObQ-8&pp=ygUNbGFwdG9wIHJldmlldw%3D%3D,"Technology,laptop review"
https://www.youtube.com/watch?v=SdCULeO15NY&pp=ygUNbGFwdG9wIHJldmlldw%3D%3D,"Technology,laptop review"
https://www.youtube.com/watch?v=MUunJrbMXP0&pp=ygUNbGFwdG9wIHJldmlldw%3D%3D,"Technology,laptop review"
https://www.youtube.com/watch?v=ngkvRnZF1pQ&pp=ygUNbGFwdG9wIHJldmlldw%3D%3D,"Technology,laptop review"
https://www.youtube.com/watch?v=aQA01ahhZmI&pp=ygUNbGFwdG9wIHJldmlldw%3D%3D,"Technology,laptop review"
https://www.youtube.com/watch?v=jE4uVN3GJ4U&pp=ygUNbGFwdG9wIHJldmlldw%3D%3D,"Technology,laptop review"
https://www.youtube.com/watch?v=xstddPNi9B0&pp=ygUNbGFwdG9wIHJldmlldw%3D%3D,"Technology,laptop review"
https://www.youtube.com/watch?v=sUUSmuClr7c&pp=ygUNbGFwdG9wIHJldmlldw%3D%3D,"Technology,laptop review"
https://www.youtube.com/watch?v=rK_VqIvYABs&pp=ygUNbGFwdG9wIHJldmlldw%3D%3D,"Technology,laptop review"
https://www.youtube.com/watch?v=jIFqzUi-aNo&pp=ygUNbGFwdG9wIHJldmlldw%3D%3D,"Technology,laptop review"
https://www.youtube.com/watch?v=2hqSWJ9Qvxw&pp=ygUNbGFwdG9wIHJldmlldw%3D%3D,"Technology,laptop review"
https://www.youtube.com/watch?v=3I92bjr20pg&pp=ygUNbGFwdG9wIHJldmlldw%3D%3D,"Technology,laptop review"
https://www.youtube.com/watch?v=3i0HG5kdAno&pp=ygUNbGFwdG9wIHJldmlldw%3D%3D,"Technology,laptop review"
https://www.youtube.com/watch?v=hp9ykdmwH4w&pp=ygUNbGFwdG9wIHJldmlldw%3D%3D,"Technology,laptop review"
https://www.youtube.com/watch?v=y19KGK900rg&pp=ygUNbGFwdG9wIHJldmlldw%3D%3D,"Technology,laptop review"
https://www.youtube.com/watch?v=czGk-tR31AE&pp=ygUNbGFwdG9wIHJldmlldw%3D%3D,"Technology,laptop review"
https://www.youtube.com/watch?v=49otofOySbQ&pp=ygUNbGFwdG9wIHJldmlldw%3D%3D,"Technology,laptop review"
https://www.youtube.com/watch?v=ag8gw1DxMao&pp=ygUNbGFwdG9wIHJldmlldw%3D%3D,"Technology,laptop review"
https://www.youtube.com/watch?v=bgfq6wWsoCc&pp=ygUNbGFwdG9wIHJldmlldw%3D%3D,"Technology,laptop review"
https://www.youtube.com/watch?v=3Oq_lVxCcYI&pp=ygUNbGFwdG9wIHJldmlldw%3D%3D,"Technology,laptop review"
https://www.youtube.com/watch?v=gte9C4TgFRY&pp=ygUNbGFwdG9wIHJldmlldw%3D%3D,"Technology,laptop review"
https://www.youtube.com/watch?v=8L1QXpz8Y_M&pp=ygUNbGFwdG9wIHJldmlldw%3D%3D,"Technology,laptop review"
https://www.youtube.com/watch?v=d2ru3DcK7Wc&pp=ygUNbGFwdG9wIHJldmlldw%3D%3D,"Technology,laptop review"
https://www.youtube.com/watch?v=TSikuFD8M3Q&pp=ygUNbGFwdG9wIHJldmlldw%3D%3D,"Technology,laptop review"
https://www.youtube.com/watch?v=Fm3RhQHvfbE&pp=ygUNbGFwdG9wIHJldmlldw%3D%3D,"Technology,laptop review"
https://www.youtube.com/watch?v=GGexnAUAk2w&pp=ygUNbGFwdG9wIHJldmlldw%3D%3D,"Technology,laptop review"
https://www.youtube.com/watch?v=J3dmA9-6LdE&pp=ygUNbGFwdG9wIHJldmlldw%3D%3D,"Technology,laptop review"
https://www.youtube.com/watch?v=Ujzj-NAUqtI&pp=ygUNbGFwdG9wIHJldmlldw%3D%3D,"Technology,laptop review"
https://www.youtube.com/watch?v=ZerKPZGZuv0&pp=ygUNbGFwdG9wIHJldmlldw%3D%3D,"Technology,laptop review"
https://www.youtube.com/watch?v=kout8j2PkB0&pp=ygUNbGFwdG9wIHJldmlldw%3D%3D,"Technology,laptop review"
https://www.youtube.com/watch?v=IHppmAT1g-U&pp=ygUNbGFwdG9wIHJldmlldw%3D%3D,"Technology,laptop review"
https://www.youtube.com/watch?v=2qpXc65pq54&pp=ygUNbGFwdG9wIHJldmlldw%3D%3D,"Technology,laptop review"
https://www.youtube.com/watch?v=z-ODHa-HYFU&pp=ygUNbGFwdG9wIHJldmlldw%3D%3D,"Technology,laptop review"
https://www.youtube.com/watch?v=K-TirATU_xE&pp=ygUNbGFwdG9wIHJldmlldw%3D%3D,"Technology,laptop review"
https://www.youtube.com/watch?v=ELsYC-N7hgc&pp=ygUNbGFwdG9wIHJldmlldw%3D%3D,"Technology,laptop review"
https://www.youtube.com/watch?v=kfGFzNncbtk&pp=ygUNbGFwdG9wIHJldmlldw%3D%3D,"Technology,laptop review"
https://www.youtube.com/watch?v=74Ve8mjqhQo&pp=ygUNbGFwdG9wIHJldmlldw%3D%3D,"Technology,laptop review"
https://www.youtube.com/watch?v=4jFQB7EG_mY&pp=ygUNbGFwdG9wIHJldmlldw%3D%3D,"Technology,laptop review"
https://www.youtube.com/watch?v=ExpzxT9K6eo&pp=ygUNbGFwdG9wIHJldmlldw%3D%3D,"Technology,laptop review"
https://www.youtube.com/watch?v=SJNbnVjecf0&pp=ygUNbGFwdG9wIHJldmlldw%3D%3D,"Technology,laptop review"
https://www.youtube.com/watch?v=2w97mmTYR68&pp=ygUNbGFwdG9wIHJldmlldw%3D%3D,"Technology,laptop review"
https://www.youtube.com/watch?v=NDUPymw7bjg&pp=ygUNbGFwdG9wIHJldmlldw%3D%3D,"Technology,laptop review"
https://www.youtube.com/watch?v=mANUev3l6sw&pp=ygUNbGFwdG9wIHJldmlldw%3D%3D,"Technology,laptop review"
https://www.youtube.com/watch?v=VCO5rUrazow&pp=ygUNbGFwdG9wIHJldmlldw%3D%3D,"Technology,laptop review"
https://www.youtube.com/watch?v=MyLd6FibtcA&pp=ygUNbGFwdG9wIHJldmlldw%3D%3D,"Technology,laptop review"
https://www.youtube.com/watch?v=Dc1hoxsw_aM&pp=ygUNbGFwdG9wIHJldmlldw%3D%3D,"Technology,laptop review"
https://www.youtube.com/watch?v=VTOlA_qaX_U&pp=ygUNbGFwdG9wIHJldmlldw%3D%3D,"Technology,laptop review"
https://www.youtube.com/watch?v=OrSnKJY8rcY&pp=ygUNbGFwdG9wIHJldmlldw%3D%3D,"Technology,laptop review"
https://www.youtube.com/watch?v=1hsWL-fZKBw&pp=ygUNbGFwdG9wIHJldmlldw%3D%3D,"Technology,laptop review"
https://www.youtube.com/watch?v=fVwVXjDZcCA&pp=ygUNbGFwdG9wIHJldmlldw%3D%3D,"Technology,laptop review"
https://www.youtube.com/watch?v=NR-yhqh573E&pp=ygUNbGFwdG9wIHJldmlldw%3D%3D,"Technology,laptop review"
https://www.youtube.com/watch?v=S5ml-cPEQZ8&pp=ygUNbGFwdG9wIHJldmlldw%3D%3D,"Technology,laptop review"
https://www.youtube.com/watch?v=FTb8Y9gkgiU&pp=ygUNbGFwdG9wIHJldmlldw%3D%3D,"Technology,laptop review"
https://www.youtube.com/watch?v=VxaoXn0HgYA&pp=ygUNbGFwdG9wIHJldmlldw%3D%3D,"Technology,laptop review"
https://www.youtube.com/watch?v=ZmQCGskcrjI&pp=ygUNbGFwdG9wIHJldmlldw%3D%3D,"Technology,laptop review"
https://www.youtube.com/watch?v=WlxEHkMkUs4&pp=ygUNbGFwdG9wIHJldmlldw%3D%3D,"Technology,laptop review"
https://www.youtube.com/watch?v=lsi3W9pXGpk&pp=ygUNbGFwdG9wIHJldmlldw%3D%3D,"Technology,laptop review"
https://www.youtube.com/watch?v=CqOkMExrPy8&pp=ygUNbGFwdG9wIHJldmlldw%3D%3D,"Technology,laptop review"
https://www.youtube.com/watch?v=83s2oeJMl94&pp=ygUNbGFwdG9wIHJldmlldw%3D%3D,"Technology,laptop review"
https://www.youtube.com/watch?v=z0H4VaWtbqY&pp=ygUNbGFwdG9wIHJldmlldw%3D%3D,"Technology,laptop review"
https://www.youtube.com/watch?v=WhPcPj3wWnM&pp=ygUNbGFwdG9wIHJldmlldw%3D%3D,"Technology,laptop review"
https://www.youtube.com/watch?v=zhusIgeavcQ&pp=ygUNbGFwdG9wIHJldmlldw%3D%3D,"Technology,laptop review"
https://www.youtube.com/watch?v=Y7kRYIEGPDQ&pp=ygUNbGFwdG9wIHJldmlldw%3D%3D,"Technology,laptop review"
https://www.youtube.com/watch?v=GOquyZPTKvs&pp=ygUNbGFwdG9wIHJldmlldw%3D%3D,"Technology,laptop review"
https://www.youtube.com/watch?v=sADs822vGk4&pp=ygUNbGFwdG9wIHJldmlldw%3D%3D,"Technology,laptop review"
https://www.youtube.com/watch?v=nDmCAKfT6s0&pp=ygUNbGFwdG9wIHJldmlldw%3D%3D,"Technology,laptop review"
https://www.youtube.com/watch?v=nRhMX2UHKik&pp=ygUNbGFwdG9wIHJldmlldw%3D%3D,"Technology,laptop review"
https://www.youtube.com/watch?v=T2pSgXiMObE&pp=ygUNbGFwdG9wIHJldmlldw%3D%3D,"Technology,laptop review"
https://www.youtube.com/watch?v=xHRf9c15nQU&pp=ygUNbGFwdG9wIHJldmlldw%3D%3D,"Technology,laptop review"
https://www.youtube.com/watch?v=aLnNHKD_9wc&pp=ygUNbGFwdG9wIHJldmlldw%3D%3D,"Technology,laptop review"
https://www.youtube.com/watch?v=lnIxL7i9FVA&pp=ygUNbGFwdG9wIHJldmlldw%3D%3D,"Technology,laptop review"
https://www.youtube.com/watch?v=XXXDEGZeakc&pp=ygUNbGFwdG9wIHJldmlldw%3D%3D,"Technology,laptop review"
https://www.youtube.com/watch?v=7KS13S8x2-o&pp=ygUNbGFwdG9wIHJldmlldw%3D%3D,"Technology,laptop review"
https://www.youtube.com/watch?v=FwUoLbMhiWk&pp=ygUNbGFwdG9wIHJldmlldw%3D%3D,"Technology,laptop review"
https://www.youtube.com/watch?v=fV7swr_073Q&pp=ygUNbGFwdG9wIHJldmlldw%3D%3D,"Technology,laptop review"
https://www.youtube.com/watch?v=nVpqIw5EGSk&pp=ygUNbGFwdG9wIHJldmlldw%3D%3D,"Technology,laptop review"
https://www.youtube.com/watch?v=3sYNn9RlyOw&pp=ygUNbGFwdG9wIHJldmlldw%3D%3D,"Technology,laptop review"
https://www.youtube.com/watch?v=AL0nr3OtOuc&pp=ygUNbGFwdG9wIHJldmlldw%3D%3D,"Technology,laptop review"
https://www.youtube.com/watch?v=e7a9a_X-ebw&pp=ygUNbGFwdG9wIHJldmlldw%3D%3D,"Technology,laptop review"
https://www.youtube.com/watch?v=OiwhV00OKvI&pp=ygUNbGFwdG9wIHJldmlldw%3D%3D,"Technology,laptop review"
https://www.youtube.com/watch?v=Hdm1kKoapGw&pp=ygUNbGFwdG9wIHJldmlldw%3D%3D,"Technology,laptop review"
https://www.youtube.com/watch?v=pd7l5ND3Oqk&pp=ygUNbGFwdG9wIHJldmlldw%3D%3D,"Technology,laptop review"
https://www.youtube.com/watch?v=74onkbClh_Q&pp=ygUNbGFwdG9wIHJldmlldw%3D%3D,"Technology,laptop review"
https://www.youtube.com/watch?v=IFjDn9Py5uU&pp=ygUNbGFwdG9wIHJldmlldw%3D%3D,"Technology,laptop review"
https://www.youtube.com/watch?v=fy46JsKLnnU&pp=ygUNbGFwdG9wIHJldmlldw%3D%3D,"Technology,laptop review"
https://www.youtube.com/watch?v=wbNEccnmIlo&pp=ygUNbGFwdG9wIHJldmlldw%3D%3D,"Technology,laptop review"
https://www.youtube.com/watch?v=a4Rut9LMWDU&pp=ygUNbGFwdG9wIHJldmlldw%3D%3D,"Technology,laptop review"
https://www.youtube.com/watch?v=fCLcygR_v9M&pp=ygUNbGFwdG9wIHJldmlldw%3D%3D,"Technology,laptop review"
https://www.youtube.com/watch?v=54BJvTR8bv0&pp=ygUNbGFwdG9wIHJldmlldw%3D%3D,"Technology,laptop review"
https://www.youtube.com/watch?v=agLx1-X2Kro&pp=ygUNbGFwdG9wIHJldmlldw%3D%3D,"Technology,laptop review"
https://www.youtube.com/watch?v=FLYvTyuq4j8&pp=ygUNbGFwdG9wIHJldmlldw%3D%3D,"Technology,laptop review"
https://www.youtube.com/watch?v=Id3ThnHci58&pp=ygUNbGFwdG9wIHJldmlldw%3D%3D,"Technology,laptop review"
https://www.youtube.com/watch?v=2VZNb0Me6V8&pp=ygUNbGFwdG9wIHJldmlldw%3D%3D,"Technology,laptop review"
https://www.youtube.com/watch?v=LkzE1XM3xBY&pp=ygUNbGFwdG9wIHJldmlldw%3D%3D,"Technology,laptop review"
https://www.youtube.com/watch?v=vEA1zTaFjUk&pp=ygUNbGFwdG9wIHJldmlldw%3D%3D,"Technology,laptop review"
https://www.youtube.com/watch?v=vx-Lggf2TXc&pp=ygUNbGFwdG9wIHJldmlldw%3D%3D,"Technology,laptop review"
https://www.youtube.com/watch?v=EFHOEuJSg7c&pp=ygUNbGFwdG9wIHJldmlldw%3D%3D,"Technology,laptop review"
https://www.youtube.com/watch?v=lGHd-oCQJOY&pp=ygUNbGFwdG9wIHJldmlldw%3D%3D,"Technology,laptop review"
https://www.youtube.com/watch?v=CT0WEq3G8QU&pp=ygUNbGFwdG9wIHJldmlldw%3D%3D,"Technology,laptop review"
https://www.youtube.com/watch?v=ugcwkgKJXR0&pp=ygUNbGFwdG9wIHJldmlldw%3D%3D,"Technology,laptop review"
https://www.youtube.com/watch?v=9XCnANoNZjQ&pp=ygUNbGFwdG9wIHJldmlldw%3D%3D,"Technology,laptop review"
https://www.youtube.com/watch?v=lX2GMw9ycQs&pp=ygUNbGFwdG9wIHJldmlldw%3D%3D,"Technology,laptop review"
https://www.youtube.com/watch?v=dRCg-W5lTXU&pp=ygUNbGFwdG9wIHJldmlldw%3D%3D,"Technology,laptop review"
https://www.youtube.com/watch?v=XaFnjkbJclo&pp=ygUNbGFwdG9wIHJldmlldw%3D%3D,"Technology,laptop review"
https://www.youtube.com/watch?v=JI2-i86z4bA&pp=ygUNbGFwdG9wIHJldmlldw%3D%3D,"Technology,laptop review"
https://www.youtube.com/watch?v=7IJ5IB_hkxg&pp=ygUNbGFwdG9wIHJldmlldw%3D%3D,"Technology,laptop review"
https://www.youtube.com/watch?v=2ejesvs-im4&pp=ygUNbGFwdG9wIHJldmlldw%3D%3D,"Technology,laptop review"
https://www.youtube.com/watch?v=OtUmS7R_gYo&pp=ygUNbGFwdG9wIHJldmlldw%3D%3D,"Technology,laptop review"
https://www.youtube.com/watch?v=O-iMLaTPw6U&pp=ygUNbGFwdG9wIHJldmlldw%3D%3D,"Technology,laptop review"
https://www.youtube.com/watch?v=5-DCG5LMAk8&pp=ygUNbGFwdG9wIHJldmlldw%3D%3D,"Technology,laptop review"
https://www.youtube.com/watch?v=FbayDwa2uWY&pp=ygUNbGFwdG9wIHJldmlldw%3D%3D,"Technology,laptop review"
https://www.youtube.com/watch?v=bla-Z50J-mk&pp=ygUNbGFwdG9wIHJldmlldw%3D%3D,"Technology,laptop review"
https://www.youtube.com/watch?v=KDKfxja1DTw&pp=ygUNbGFwdG9wIHJldmlldw%3D%3D,"Technology,laptop review"
https://www.youtube.com/watch?v=1vqPiin3180&pp=ygUNbGFwdG9wIHJldmlldw%3D%3D,"Technology,laptop review"
https://www.youtube.com/watch?v=vHsWeDdutFk&pp=ygUNbGFwdG9wIHJldmlldw%3D%3D,"Technology,laptop review"
https://www.youtube.com/watch?v=LcDaw0OLshQ&pp=ygUNbGFwdG9wIHJldmlldw%3D%3D,"Technology,laptop review"
https://www.youtube.com/watch?v=h5oLhmN9onw&pp=ygUNbGFwdG9wIHJldmlldw%3D%3D,"Technology,laptop review"
https://www.youtube.com/watch?v=5neWqgxOFTY&pp=ygUNbGFwdG9wIHJldmlldw%3D%3D,"Technology,laptop review"
https://www.youtube.com/watch?v=DRpH1YQ7Mt8&pp=ygUNbGFwdG9wIHJldmlldw%3D%3D,"Technology,laptop review"
https://www.youtube.com/watch?v=DPu_ayzapFE&pp=ygUNbGFwdG9wIHJldmlldw%3D%3D,"Technology,laptop review"
https://www.youtube.com/watch?v=y73sVwysLXM&pp=ygUNbGFwdG9wIHJldmlldw%3D%3D,"Technology,laptop review"
https://www.youtube.com/watch?v=rHA87rBVkk8&pp=ygUNbGFwdG9wIHJldmlldw%3D%3D,"Technology,laptop review"
https://www.youtube.com/watch?v=oyClS3qQV10&pp=ygUNbGFwdG9wIHJldmlldw%3D%3D,"Technology,laptop review"
https://www.youtube.com/watch?v=tplJ3GvhNAI&pp=ygUNbGFwdG9wIHJldmlldw%3D%3D,"Technology,laptop review"
https://www.youtube.com/watch?v=IrgOlrVT-mo&pp=ygUNbGFwdG9wIHJldmlldw%3D%3D,"Technology,laptop review"
https://www.youtube.com/watch?v=_I2r0w41rl0&pp=ygUNbGFwdG9wIHJldmlldw%3D%3D,"Technology,laptop review"
https://www.youtube.com/watch?v=LMGFGy7_u9U&pp=ygUNbGFwdG9wIHJldmlldw%3D%3D,"Technology,laptop review"
https://www.youtube.com/watch?v=f9d-dME3oso&pp=ygUNbGFwdG9wIHJldmlldw%3D%3D,"Technology,laptop review"
https://www.youtube.com/watch?v=ZR1bae6gQYU&pp=ygUNbGFwdG9wIHJldmlldw%3D%3D,"Technology,laptop review"
https://www.youtube.com/watch?v=7SLatU4L3cc&pp=ygUNbGFwdG9wIHJldmlldw%3D%3D,"Technology,laptop review"
https://www.youtube.com/watch?v=O70LW9cq-UE&pp=ygUNbGFwdG9wIHJldmlldw%3D%3D,"Technology,laptop review"
https://www.youtube.com/watch?v=0eh32WXiSjw&pp=ygUNbGFwdG9wIHJldmlldw%3D%3D,"Technology,laptop review"
https://www.youtube.com/watch?v=-srk_crn4YA&pp=ygUNbGFwdG9wIHJldmlldw%3D%3D,"Technology,laptop review"
https://www.youtube.com/watch?v=A2zU7Q5LpzQ&pp=ygUNbGFwdG9wIHJldmlldw%3D%3D,"Technology,laptop review"
https://www.youtube.com/watch?v=rVVL3gTxlv0&pp=ygUNbGFwdG9wIHJldmlldw%3D%3D,"Technology,laptop review"
https://www.youtube.com/watch?v=7usxy5GiRAU&pp=ygUNbGFwdG9wIHJldmlldw%3D%3D,"Technology,laptop review"
https://www.youtube.com/watch?v=i559Rit4ks8&pp=ygUNbGFwdG9wIHJldmlldw%3D%3D,"Technology,laptop review"
https://www.youtube.com/watch?v=ulvTqZBtyxk&pp=ygUNbGFwdG9wIHJldmlldw%3D%3D,"Technology,laptop review"
https://www.youtube.com/watch?v=YZtN6UNJIV4&pp=ygUNbGFwdG9wIHJldmlldw%3D%3D,"Technology,laptop review"
https://www.youtube.com/watch?v=8Cq1G3pgjec&pp=ygUNbGFwdG9wIHJldmlldw%3D%3D,"Technology,laptop review"
https://www.youtube.com/watch?v=Zd-Ypkkhqks&pp=ygUNbGFwdG9wIHJldmlldw%3D%3D,"Technology,laptop review"
https://www.youtube.com/watch?v=2kv1diSPf3w&pp=ygUNbGFwdG9wIHJldmlldw%3D%3D,"Technology,laptop review"
https://www.youtube.com/watch?v=JhDadAyD_5s&pp=ygUNbGFwdG9wIHJldmlldw%3D%3D,"Technology,laptop review"
https://www.youtube.com/watch?v=KURpKmVOriY&pp=ygUNbGFwdG9wIHJldmlldw%3D%3D,"Technology,laptop review"
https://www.youtube.com/watch?v=vZ0pwwAHraE&pp=ygUNbGFwdG9wIHJldmlldw%3D%3D,"Technology,laptop review"
https://www.youtube.com/watch?v=GNAcn8It0i4&pp=ygUNbGFwdG9wIHJldmlldw%3D%3D,"Technology,laptop review"
https://www.youtube.com/watch?v=HeMIZC2rkMo&pp=ygUNbGFwdG9wIHJldmlldw%3D%3D,"Technology,laptop review"
https://www.youtube.com/watch?v=M6ccnXz2ZKs&pp=ygUNbGFwdG9wIHJldmlldw%3D%3D,"Technology,laptop review"
https://www.youtube.com/watch?v=UeCdBVHYa_8&pp=ygUNbGFwdG9wIHJldmlldw%3D%3D,"Technology,laptop review"
https://www.youtube.com/watch?v=xl-egYtfIz8&pp=ygUNbGFwdG9wIHJldmlldw%3D%3D,"Technology,laptop review"
https://www.youtube.com/watch?v=sjqwziq9IX8&pp=ygUNbGFwdG9wIHJldmlldw%3D%3D,"Technology,laptop review"
https://www.youtube.com/watch?v=sfTLNftFHfU&pp=ygUNbGFwdG9wIHJldmlldw%3D%3D,"Technology,laptop review"
https://www.youtube.com/watch?v=tC_l44h_drI&pp=ygUNbGFwdG9wIHJldmlldw%3D%3D,"Technology,laptop review"
https://www.youtube.com/watch?v=0lg2zXmnZUw&pp=ygUNbGFwdG9wIHJldmlldw%3D%3D,"Technology,laptop review"
https://www.youtube.com/watch?v=Zy5MWFrb0Y8&pp=ygUNbGFwdG9wIHJldmlldw%3D%3D,"Technology,laptop review"
https://www.youtube.com/watch?v=bEKZGooaKuU&pp=ygUNbGFwdG9wIHJldmlldw%3D%3D,"Technology,laptop review"
https://www.youtube.com/watch?v=ldMeZaYpDbI&pp=ygUNbGFwdG9wIHJldmlldw%3D%3D,"Technology,laptop review"
https://www.youtube.com/watch?v=R2teWF8VDM0&pp=ygUNbGFwdG9wIHJldmlldw%3D%3D,"Technology,laptop review"
https://www.youtube.com/watch?v=Ir9X9pzzVjQ&pp=ygUNbGFwdG9wIHJldmlldw%3D%3D,"Technology,laptop review"
https://www.youtube.com/watch?v=vHFj-44mtnY&pp=ygUNbGFwdG9wIHJldmlldw%3D%3D,"Technology,laptop review"
https://www.youtube.com/watch?v=HHt5MxfcCPE&pp=ygUNbGFwdG9wIHJldmlldw%3D%3D,"Technology,laptop review"
https://www.youtube.com/watch?v=sjvHGhB409M&pp=ygUNbGFwdG9wIHJldmlldw%3D%3D,"Technology,laptop review"
