https://www.youtube.com/watch?v=TTyWo4_DVAA&pp=ygUKc21hcnRwaG9uZQ%3D%3D,"Technology,smartphone"
https://www.youtube.com/watch?v=i38OQbwX1Pw&pp=ygUKc21hcnRwaG9uZQ%3D%3D,"Technology,smartphone"
https://www.youtube.com/watch?v=NevGiyYFkzY&pp=ygUKc21hcnRwaG9uZQ%3D%3D,"Technology,smartphone"
https://www.youtube.com/watch?v=Fmr0auKkgbk&pp=ygUKc21hcnRwaG9uZQ%3D%3D,"Technology,smartphone"
https://www.youtube.com/watch?v=ca-1njh7S6Y&pp=ygUKc21hcnRwaG9uZQ%3D%3D,"Technology,smartphone"
https://www.youtube.com/watch?v=r8RVl1SJnBw&pp=ygUKc21hcnRwaG9uZQ%3D%3D,"Technology,smartphone"
https://www.youtube.com/watch?v=6XpuU2khZ2I&pp=ygUKc21hcnRwaG9uZQ%3D%3D,"Technology,smartphone"
https://www.youtube.com/watch?v=9BCPxi551AE&pp=ygUKc21hcnRwaG9uZQ%3D%3D,"Technology,smartphone"
https://www.youtube.com/watch?v=R2yOGYTnKeU&pp=ygUKc21hcnRwaG9uZQ%3D%3D,"Technology,smartphone"
https://www.youtube.com/watch?v=QELqowWkQCc&pp=ygUKc21hcnRwaG9uZQ%3D%3D,"Technology,smartphone"
https://www.youtube.com/watch?v=fjRaA-8CV4A&pp=ygUKc21hcnRwaG9uZQ%3D%3D,"Technology,smartphone"
https://www.youtube.com/watch?v=17VcGk_-Ghc&pp=ygUKc21hcnRwaG9uZQ%3D%3D,"Technology,smartphone"
https://www.youtube.com/watch?v=ESvMYXl9zNE&pp=ygUKc21hcnRwaG9uZQ%3D%3D,"Technology,smartphone"
https://www.youtube.com/watch?v=Ad-JbX9bkHs&pp=ygUKc21hcnRwaG9uZQ%3D%3D,"Technology,smartphone"
https://www.youtube.com/watch?v=_D-AE5Su-9I&pp=ygUKc21hcnRwaG9uZQ%3D%3D,"Technology,smartphone"
https://www.youtube.com/watch?v=u_ZpxYe4cUc&pp=ygUKc21hcnRwaG9uZQ%3D%3D,"Technology,smartphone"
https://www.youtube.com/watch?v=7Np4nhzgB7o&pp=ygUKc21hcnRwaG9uZQ%3D%3D,"Technology,smartphone"
https://www.youtube.com/watch?v=5NjFuS_24v8&pp=ygUKc21hcnRwaG9uZQ%3D%3D,"Technology,smartphone"
https://www.youtube.com/watch?v=b7zBJNmdImo&pp=ygUKc21hcnRwaG9uZQ%3D%3D,"Technology,smartphone"
https://www.youtube.com/watch?v=AR0LHxwyio0&pp=ygUKc21hcnRwaG9uZQ%3D%3D,"Technology,smartphone"
https://www.youtube.com/watch?v=PImOPJEjtzQ&pp=ygUKc21hcnRwaG9uZQ%3D%3D,"Technology,smartphone"
https://www.youtube.com/watch?v=dM14XN-phd0&pp=ygUKc21hcnRwaG9uZQ%3D%3D,"Technology,smartphone"
https://www.youtube.com/watch?v=Yq6UPlEd8uI&pp=ygUKc21hcnRwaG9uZQ%3D%3D,"Technology,smartphone"
https://www.youtube.com/watch?v=8ythzBCzHBU&pp=ygUKc21hcnRwaG9uZQ%3D%3D,"Technology,smartphone"
https://www.youtube.com/watch?v=DIGaX4XBx6M&pp=ygUKc21hcnRwaG9uZQ%3D%3D,"Technology,smartphone"
https://www.youtube.com/watch?v=ZZAUZFoDMZc&pp=ygUKc21hcnRwaG9uZQ%3D%3D,"Technology,smartphone"
https://www.youtube.com/watch?v=cR0WULMSgso&pp=ygUKc21hcnRwaG9uZQ%3D%3D,"Technology,smartphone"
https://www.youtube.com/watch?v=SvUHeoFtSKw&pp=ygUKc21hcnRwaG9uZQ%3D%3D,"Technology,smartphone"
https://www.youtube.com/watch?v=Ri-HcFlNcJk&pp=ygUKc21hcnRwaG9uZQ%3D%3D,"Technology,smartphone"
https://www.youtube.com/watch?v=KLvlUH2SFfI&pp=ygUKc21hcnRwaG9uZQ%3D%3D,"Technology,smartphone"
https://www.youtube.com/watch?v=0vFMHZP81ls&pp=ygUKc21hcnRwaG9uZQ%3D%3D,"Technology,smartphone"
https://www.youtube.com/watch?v=0WsB7iA_U5c&pp=ygUKc21hcnRwaG9uZQ%3D%3D,"Technology,smartphone"
https://www.youtube.com/watch?v=jz34A3gPjjo&pp=ygUKc21hcnRwaG9uZQ%3D%3D,"Technology,smartphone"
https://www.youtube.com/watch?v=p7KePM3kaq8&pp=ygUKc21hcnRwaG9uZQ%3D%3D,"Technology,smartphone"
https://www.youtube.com/watch?v=LQdjmGimh04&pp=ygUKc21hcnRwaG9uZQ%3D%3D,"Technology,smartphone"
https://www.youtube.com/watch?v=8DmteNtm4Mk&pp=ygUKc21hcnRwaG9uZQ%3D%3D,"Technology,smartphone"
https://www.youtube.com/watch?v=TGUnWX-81ec&pp=ygUKc21hcnRwaG9uZQ%3D%3D,"Technology,smartphone"
https://www.youtube.com/watch?v=UfOskcAd6qI&pp=ygUKc21hcnRwaG9uZQ%3D%3D,"Technology,smartphone"
https://www.youtube.com/watch?v=BEzHQSAQcb0&pp=ygUKc21hcnRwaG9uZQ%3D%3D,"Technology,smartphone"
https://www.youtube.com/watch?v=4MUubF0QmpU&pp=ygUKc21hcnRwaG9uZQ%3D%3D,"Technology,smartphone"
https://www.youtube.com/watch?v=HsSiTq8XJ4I&pp=ygUKc21hcnRwaG9uZQ%3D%3D,"Technology,smartphone"
https://www.youtube.com/watch?v=-KeWBpnlwcY&pp=ygUKc21hcnRwaG9uZQ%3D%3D,"Technology,smartphone"
https://www.youtube.com/watch?v=-NcqTNP2bys&pp=ygUKc21hcnRwaG9uZQ%3D%3D,"Technology,smartphone"
https://www.youtube.com/watch?v=I7kobt8Ub0Q&pp=ygUKc21hcnRwaG9uZQ%3D%3D,"Technology,smartphone"
https://www.youtube.com/watch?v=uPXfhxXYKDM&pp=ygUKc21hcnRwaG9uZQ%3D%3D,"Technology,smartphone"
https://www.youtube.com/watch?v=TPjYyh2NWrs&pp=ygUKc21hcnRwaG9uZQ%3D%3D,"Technology,smartphone"
https://www.youtube.com/watch?v=G-gd_Lyzyd0&pp=ygUKc21hcnRwaG9uZQ%3D%3D,"Technology,smartphone"
https://www.youtube.com/watch?v=yD52CynEt0k&pp=ygUKc21hcnRwaG9uZQ%3D%3D,"Technology,smartphone"
https://www.youtube.com/watch?v=0TtOV2_GQZ4&pp=ygUKc21hcnRwaG9uZQ%3D%3D,"Technology,smartphone"
https://www.youtube.com/watch?v=ZWOMXidhRbI&pp=ygUKc21hcnRwaG9uZQ%3D%3D,"Technology,smartphone"
https://www.youtube.com/watch?v=Q_BXNbyoD6M&pp=ygUKc21hcnRwaG9uZQ%3D%3D,"Technology,smartphone"
https://www.youtube.com/watch?v=8mBQ4a9mriI&pp=ygUKc21hcnRwaG9uZQ%3D%3D,"Technology,smartphone"
https://www.youtube.com/watch?v=7IcGYHU8WBo&pp=ygUKc21hcnRwaG9uZQ%3D%3D,"Technology,smartphone"
https://www.youtube.com/watch?v=FeCdCbI_jDQ&pp=ygUKc21hcnRwaG9uZQ%3D%3D,"Technology,smartphone"
https://www.youtube.com/watch?v=7PqwBUROXCY&pp=ygUKc21hcnRwaG9uZQ%3D%3D,"Technology,smartphone"
https://www.youtube.com/watch?v=QW9akIs46VI&pp=ygUKc21hcnRwaG9uZQ%3D%3D,"Technology,smartphone"
https://www.youtube.com/watch?v=O_ceLw-Qnjo&pp=ygUKc21hcnRwaG9uZQ%3D%3D,"Technology,smartphone"
https://www.youtube.com/watch?v=0PyNfuZzdwU&pp=ygUKc21hcnRwaG9uZQ%3D%3D,"Technology,smartphone"
https://www.youtube.com/watch?v=HUWpwH_Yn4I&pp=ygUKc21hcnRwaG9uZQ%3D%3D,"Technology,smartphone"
https://www.youtube.com/watch?v=9vgx3tetd_w&pp=ygUKc21hcnRwaG9uZQ%3D%3D,"Technology,smartphone"
https://www.youtube.com/watch?v=MG3Iz3Aa4_U&pp=ygUKc21hcnRwaG9uZQ%3D%3D,"Technology,smartphone"
https://www.youtube.com/watch?v=E_A87IA5Cro&pp=ygUKc21hcnRwaG9uZQ%3D%3D,"Technology,smartphone"
https://www.youtube.com/watch?v=o9IjcvMeAI4&pp=ygUKc21hcnRwaG9uZQ%3D%3D,"Technology,smartphone"
https://www.youtube.com/watch?v=wadg_mLOPJQ&pp=ygUKc21hcnRwaG9uZQ%3D%3D,"Technology,smartphone"
https://www.youtube.com/watch?v=PHlgqW9kjos&pp=ygUKc21hcnRwaG9uZQ%3D%3D,"Technology,smartphone"
https://www.youtube.com/watch?v=3c7AZQ2dagE&pp=ygUKc21hcnRwaG9uZQ%3D%3D,"Technology,smartphone"
https://www.youtube.com/watch?v=wiVzaJ_tj4A&pp=ygUKc21hcnRwaG9uZQ%3D%3D,"Technology,smartphone"
https://www.youtube.com/watch?v=7x2-MwIgRpY&pp=ygUKc21hcnRwaG9uZQ%3D%3D,"Technology,smartphone"
https://www.youtube.com/watch?v=Hs4dkSyvwGQ&pp=ygUKc21hcnRwaG9uZQ%3D%3D,"Technology,smartphone"
https://www.youtube.com/watch?v=t-OyxDHELFU&pp=ygUKc21hcnRwaG9uZQ%3D%3D,"Technology,smartphone"
https://www.youtube.com/watch?v=vLoGgkZDJcc&pp=ygUKc21hcnRwaG9uZQ%3D%3D,"Technology,smartphone"
https://www.youtube.com/watch?v=s3v1kdXBpVs&pp=ygUKc21hcnRwaG9uZQ%3D%3D,"Technology,smartphone"
https://www.youtube.com/watch?v=lmIO18kLcZU&pp=ygUKc21hcnRwaG9uZQ%3D%3D,"Technology,smartphone"
https://www.youtube.com/watch?v=2eK9TtRwKFY&pp=ygUKc21hcnRwaG9uZQ%3D%3D,"Technology,smartphone"
https://www.youtube.com/watch?v=VUE43VvFrd4&pp=ygUKc21hcnRwaG9uZQ%3D%3D,"Technology,smartphone"
https://www.youtube.com/watch?v=8gqJBF7MeEc&pp=ygUKc21hcnRwaG9uZQ%3D%3D,"Technology,smartphone"
https://www.youtube.com/watch?v=3txd3ZjQIo0&pp=ygUKc21hcnRwaG9uZQ%3D%3D,"Technology,smartphone"
https://www.youtube.com/watch?v=AYaj2oVRU_I&pp=ygUKc21hcnRwaG9uZQ%3D%3D,"Technology,smartphone"
https://www.youtube.com/watch?v=jx8VmG4e2-w&pp=ygUKc21hcnRwaG9uZQ%3D%3D,"Technology,smartphone"
https://www.youtube.com/watch?v=5ncp-_GXBsU&pp=ygUKc21hcnRwaG9uZQ%3D%3D,"Technology,smartphone"
https://www.youtube.com/watch?v=OqK_Yy5f0LY&pp=ygUKc21hcnRwaG9uZQ%3D%3D,"Technology,smartphone"
https://www.youtube.com/watch?v=Q8d4FGWZDbE&pp=ygUKc21hcnRwaG9uZQ%3D%3D,"Technology,smartphone"
https://www.youtube.com/watch?v=LMBdBoPzroM&pp=ygUKc21hcnRwaG9uZQ%3D%3D,"Technology,smartphone"
https://www.youtube.com/watch?v=Bh66ms5TUtw&pp=ygUKc21hcnRwaG9uZQ%3D%3D,"Technology,smartphone"
https://www.youtube.com/watch?v=85GsizmZ6pA&pp=ygUKc21hcnRwaG9uZQ%3D%3D,"Technology,smartphone"
https://www.youtube.com/watch?v=gKHEsPZ4axE&pp=ygUKc21hcnRwaG9uZQ%3D%3D,"Technology,smartphone"
https://www.youtube.com/watch?v=wt2WGqJkISk&pp=ygUKc21hcnRwaG9uZQ%3D%3D,"Technology,smartphone"
https://www.youtube.com/watch?v=xmlJcWg77k4&pp=ygUKc21hcnRwaG9uZQ%3D%3D,"Technology,smartphone"
https://www.youtube.com/watch?v=DqnqISjSrBI&pp=ygUKc21hcnRwaG9uZQ%3D%3D,"Technology,smartphone"
https://www.youtube.com/watch?v=H1UJ5k3yMvA&pp=ygUKc21hcnRwaG9uZQ%3D%3D,"Technology,smartphone"
https://www.youtube.com/watch?v=w1SVPC9X8ws&pp=ygUKc21hcnRwaG9uZQ%3D%3D,"Technology,smartphone"
https://www.youtube.com/watch?v=LzGzrOm7EP0&pp=ygUKc21hcnRwaG9uZQ%3D%3D,"Technology,smartphone"
https://www.youtube.com/watch?v=vHYmgYYXoo8&pp=ygUKc21hcnRwaG9uZQ%3D%3D,"Technology,smartphone"
https://www.youtube.com/watch?v=FVD9rZrfbwk&pp=ygUKc21hcnRwaG9uZQ%3D%3D,"Technology,smartphone"
https://www.youtube.com/watch?v=UeQZOD9zlZk&pp=ygUKc21hcnRwaG9uZQ%3D%3D,"Technology,smartphone"
https://www.youtube.com/watch?v=7cU5G7hHxNs&pp=ygUKc21hcnRwaG9uZQ%3D%3D,"Technology,smartphone"
https://www.youtube.com/watch?v=urLUQpjf0zI&pp=ygUKc21hcnRwaG9uZQ%3D%3D,"Technology,smartphone"
https://www.youtube.com/watch?v=PZeLKRKzYIU&pp=ygUKc21hcnRwaG9uZQ%3D%3D,"Technology,smartphone"
https://www.youtube.com/watch?v=LyOJIp7ABIQ&pp=ygUKc21hcnRwaG9uZQ%3D%3D,"Technology,smartphone"
https://www.youtube.com/watch?v=djpIExCHWJc&pp=ygUKc21hcnRwaG9uZQ%3D%3D,"Technology,smartphone"
https://www.youtube.com/watch?v=wGk8du2VVCs&pp=ygUKc21hcnRwaG9uZQ%3D%3D,"Technology,smartphone"
https://www.youtube.com/watch?v=ztp1-a1tjgA&pp=ygUKc21hcnRwaG9uZQ%3D%3D,"Technology,smartphone"
https://www.youtube.com/watch?v=LYVi_pL_fT4&pp=ygUKc21hcnRwaG9uZQ%3D%3D,"Technology,smartphone"
https://www.youtube.com/watch?v=dV5xfs0Mwdo&pp=ygUKc21hcnRwaG9uZQ%3D%3D,"Technology,smartphone"
https://www.youtube.com/watch?v=oajr698Fz1w&pp=ygUKc21hcnRwaG9uZQ%3D%3D,"Technology,smartphone"
https://www.youtube.com/watch?v=IQfslkU2kjQ&pp=ygUKc21hcnRwaG9uZQ%3D%3D,"Technology,smartphone"
https://www.youtube.com/watch?v=moQ011gH0jI&pp=ygUKc21hcnRwaG9uZQ%3D%3D,"Technology,smartphone"
https://www.youtube.com/watch?v=QI0VNUYssII&pp=ygUKc21hcnRwaG9uZQ%3D%3D,"Technology,smartphone"
https://www.youtube.com/watch?v=gEH-6q-Qjfw&pp=ygUKc21hcnRwaG9uZQ%3D%3D,"Technology,smartphone"
https://www.youtube.com/watch?v=Uop6db5z3ek&pp=ygUKc21hcnRwaG9uZQ%3D%3D,"Technology,smartphone"
https://www.youtube.com/watch?v=ABk7j43zmFc&pp=ygUKc21hcnRwaG9uZQ%3D%3D,"Technology,smartphone"
https://www.youtube.com/watch?v=c-S_kG_Lfm8&pp=ygUKc21hcnRwaG9uZQ%3D%3D,"Technology,smartphone"
https://www.youtube.com/watch?v=UsQwccrPPOE&pp=ygUKc21hcnRwaG9uZQ%3D%3D,"Technology,smartphone"
https://www.youtube.com/watch?v=m3tzAnn9z7U&pp=ygUKc21hcnRwaG9uZQ%3D%3D,"Technology,smartphone"
https://www.youtube.com/watch?v=mXjk3qkWsI4&pp=ygUKc21hcnRwaG9uZQ%3D%3D,"Technology,smartphone"
https://www.youtube.com/watch?v=Gb_i_W7Ko3Y&pp=ygUKc21hcnRwaG9uZQ%3D%3D,"Technology,smartphone"
https://www.youtube.com/watch?v=yKe1H5cIVDk&pp=ygUKc21hcnRwaG9uZQ%3D%3D,"Technology,smartphone"
https://www.youtube.com/watch?v=TDGrtPckf9Q&pp=ygUKc21hcnRwaG9uZQ%3D%3D,"Technology,smartphone"
https://www.youtube.com/watch?v=__bcgmifBDY&pp=ygUKc21hcnRwaG9uZQ%3D%3D,"Technology,smartphone"
https://www.youtube.com/watch?v=OZhFdj_1Tw4&pp=ygUKc21hcnRwaG9uZQ%3D%3D,"Technology,smartphone"
https://www.youtube.com/watch?v=uIhNENclo-4&pp=ygUKc21hcnRwaG9uZQ%3D%3D,"Technology,smartphone"
https://www.youtube.com/watch?v=sFAoQVT5Ne4&pp=ygUKc21hcnRwaG9uZQ%3D%3D,"Technology,smartphone"
https://www.youtube.com/watch?v=INuQ8RK1r8c&pp=ygUKc21hcnRwaG9uZQ%3D%3D,"Technology,smartphone"
https://www.youtube.com/watch?v=Ebz2kYQ6Cms&pp=ygUKc21hcnRwaG9uZQ%3D%3D,"Technology,smartphone"
https://www.youtube.com/watch?v=cxTw_I8BIs0&pp=ygUKc21hcnRwaG9uZQ%3D%3D,"Technology,smartphone"
https://www.youtube.com/watch?v=eLDvm9czyBQ&pp=ygUKc21hcnRwaG9uZQ%3D%3D,"Technology,smartphone"
https://www.youtube.com/watch?v=0fBr4HXpUq0&pp=ygUKc21hcnRwaG9uZQ%3D%3D,"Technology,smartphone"
https://www.youtube.com/watch?v=o-nRU0RuA8I&pp=ygUKc21hcnRwaG9uZQ%3D%3D,"Technology,smartphone"
https://www.youtube.com/watch?v=qDOc6TtQ-zo&pp=ygUKc21hcnRwaG9uZQ%3D%3D,"Technology,smartphone"
https://www.youtube.com/watch?v=UuLQtVUrOEc&pp=ygUKc21hcnRwaG9uZQ%3D%3D,"Technology,smartphone"
https://www.youtube.com/watch?v=X9ZsaJoXepE&pp=ygUKc21hcnRwaG9uZQ%3D%3D,"Technology,smartphone"
https://www.youtube.com/watch?v=SyXO5rpMdSM&pp=ygUKc21hcnRwaG9uZQ%3D%3D,"Technology,smartphone"
https://www.youtube.com/watch?v=zaeA0hOPUZw&pp=ygUKc21hcnRwaG9uZQ%3D%3D,"Technology,smartphone"
https://www.youtube.com/watch?v=02mIRnPJm6g&pp=ygUKc21hcnRwaG9uZQ%3D%3D,"Technology,smartphone"
https://www.youtube.com/watch?v=NQ1KWonNzbI&pp=ygUKc21hcnRwaG9uZQ%3D%3D,"Technology,smartphone"
https://www.youtube.com/watch?v=9z8Ix4GAN78&pp=ygUKc21hcnRwaG9uZQ%3D%3D,"Technology,smartphone"
https://www.youtube.com/watch?v=O2PQh-hj3_o&pp=ygUKc21hcnRwaG9uZQ%3D%3D,"Technology,smartphone"
https://www.youtube.com/watch?v=hcJs8ygP56M&pp=ygUKc21hcnRwaG9uZQ%3D%3D,"Technology,smartphone"
https://www.youtube.com/watch?v=aWTPREoU5PY&pp=ygUKc21hcnRwaG9uZQ%3D%3D,"Technology,smartphone"
https://www.youtube.com/watch?v=4zxT6oVTmWI&pp=ygUKc21hcnRwaG9uZQ%3D%3D,"Technology,smartphone"
https://www.youtube.com/watch?v=3miJUea3mRE&pp=ygUKc21hcnRwaG9uZQ%3D%3D,"Technology,smartphone"
https://www.youtube.com/watch?v=zSpdoAZryWQ&pp=ygUKc21hcnRwaG9uZQ%3D%3D,"Technology,smartphone"
https://www.youtube.com/watch?v=lqWwA2MOCOA&pp=ygUKc21hcnRwaG9uZQ%3D%3D,"Technology,smartphone"
https://www.youtube.com/watch?v=XVUoqobOXTk&pp=ygUKc21hcnRwaG9uZQ%3D%3D,"Technology,smartphone"
https://www.youtube.com/watch?v=ntz2c2z54dg&pp=ygUKc21hcnRwaG9uZQ%3D%3D,"Technology,smartphone"
https://www.youtube.com/watch?v=4cVjARugnoM&pp=ygUKc21hcnRwaG9uZQ%3D%3D,"Technology,smartphone"
https://www.youtube.com/watch?v=Jet-wsUJRvQ&pp=ygUKc21hcnRwaG9uZQ%3D%3D,"Technology,smartphone"
https://www.youtube.com/watch?v=IQSzZV93QfI&pp=ygUKc21hcnRwaG9uZQ%3D%3D,"Technology,smartphone"
https://www.youtube.com/watch?v=K4sdxy-Zb7s&pp=ygUKc21hcnRwaG9uZQ%3D%3D,"Technology,smartphone"
https://www.youtube.com/watch?v=gwe4wuybJco&pp=ygUKc21hcnRwaG9uZQ%3D%3D,"Technology,smartphone"
https://www.youtube.com/watch?v=VkP1jayEqyc&pp=ygUKc21hcnRwaG9uZQ%3D%3D,"Technology,smartphone"
https://www.youtube.com/watch?v=orxtxO8Ty7M&pp=ygUKc21hcnRwaG9uZQ%3D%3D,"Technology,smartphone"
https://www.youtube.com/watch?v=N6USE8pXhqs&pp=ygUKc21hcnRwaG9uZQ%3D%3D,"Technology,smartphone"
https://www.youtube.com/watch?v=K8mlKtp3OB8&pp=ygUKc21hcnRwaG9uZQ%3D%3D,"Technology,smartphone"
https://www.youtube.com/watch?v=GAfWyTZVigc&pp=ygUKc21hcnRwaG9uZQ%3D%3D,"Technology,smartphone"
https://www.youtube.com/watch?v=FcEIdJGObz0&pp=ygUKc21hcnRwaG9uZQ%3D%3D,"Technology,smartphone"
https://www.youtube.com/watch?v=okaJklSTgf4&pp=ygUKc21hcnRwaG9uZQ%3D%3D,"Technology,smartphone"
https://www.youtube.com/watch?v=fyGhjq61tKE&pp=ygUKc21hcnRwaG9uZQ%3D%3D,"Technology,smartphone"
https://www.youtube.com/watch?v=clf6bxvqX2o&pp=ygUKc21hcnRwaG9uZQ%3D%3D,"Technology,smartphone"
https://www.youtube.com/watch?v=QVemto_AyzU&pp=ygUKc21hcnRwaG9uZQ%3D%3D,"Technology,smartphone"
https://www.youtube.com/watch?v=uhRba6GNRF8&pp=ygUKc21hcnRwaG9uZQ%3D%3D,"Technology,smartphone"
https://www.youtube.com/watch?v=RTEtfZ2gJwA&pp=ygUKc21hcnRwaG9uZQ%3D%3D,"Technology,smartphone"
https://www.youtube.com/watch?v=U8UoZ2uX6R0&pp=ygUKc21hcnRwaG9uZQ%3D%3D,"Technology,smartphone"
https://www.youtube.com/watch?v=pWQOOe5x1cM&pp=ygUKc21hcnRwaG9uZQ%3D%3D,"Technology,smartphone"
https://www.youtube.com/watch?v=XLZFPWwLzL8&pp=ygUKc21hcnRwaG9uZQ%3D%3D,"Technology,smartphone"
https://www.youtube.com/watch?v=LK_ma3Ub4Z0&pp=ygUKc21hcnRwaG9uZQ%3D%3D,"Technology,smartphone"
https://www.youtube.com/watch?v=jZPRI3aq1LU&pp=ygUKc21hcnRwaG9uZQ%3D%3D,"Technology,smartphone"
https://www.youtube.com/watch?v=eDW44A_noK8&pp=ygUKc21hcnRwaG9uZQ%3D%3D,"Technology,smartphone"
https://www.youtube.com/watch?v=5EyVzFGBTDY&pp=ygUKc21hcnRwaG9uZQ%3D%3D,"Technology,smartphone"
https://www.youtube.com/watch?v=UCzIkpyqAEQ&pp=ygUKc21hcnRwaG9uZQ%3D%3D,"Technology,smartphone"
https://www.youtube.com/watch?v=nlDB26VKJ2k&pp=ygUKc21hcnRwaG9uZQ%3D%3D,"Technology,smartphone"
https://www.youtube.com/watch?v=7Ba8hzNM3y8&pp=ygUKc21hcnRwaG9uZQ%3D%3D,"Technology,smartphone"
https://www.youtube.com/watch?v=s5JDC7jmKeE&pp=ygUKc21hcnRwaG9uZQ%3D%3D,"Technology,smartphone"
https://www.youtube.com/watch?v=H8GM7mbTTh8&pp=ygUKc21hcnRwaG9uZQ%3D%3D,"Technology,smartphone"
https://www.youtube.com/watch?v=xF6UNSiQVR4&pp=ygUKc21hcnRwaG9uZQ%3D%3D,"Technology,smartphone"
https://www.youtube.com/watch?v=bgWa4k2o9oI&pp=ygUKc21hcnRwaG9uZQ%3D%3D,"Technology,smartphone"
https://www.youtube.com/watch?v=DtzAfHFF3fc&pp=ygUKc21hcnRwaG9uZQ%3D%3D,"Technology,smartphone"
https://www.youtube.com/watch?v=AaxPLnvCy08&pp=ygUKc21hcnRwaG9uZQ%3D%3D,"Technology,smartphone"
https://www.youtube.com/watch?v=s5rI_E3kCM4&pp=ygUKc21hcnRwaG9uZQ%3D%3D,"Technology,smartphone"
https://www.youtube.com/watch?v=D7I9AGhtWPI&pp=ygUKc21hcnRwaG9uZQ%3D%3D,"Technology,smartphone"
https://www.youtube.com/watch?v=IHFVDKZXg9I&pp=ygUKc21hcnRwaG9uZQ%3D%3D,"Technology,smartphone"
https://www.youtube.com/watch?v=SiimLigJ9Ug&pp=ygUKc21hcnRwaG9uZQ%3D%3D,"Technology,smartphone"
https://www.youtube.com/watch?v=zzQY7hjiKtU&pp=ygUKc21hcnRwaG9uZQ%3D%3D,"Technology,smartphone"
https://www.youtube.com/watch?v=Ga2eMldICUQ&pp=ygUKc21hcnRwaG9uZQ%3D%3D,"Technology,smartphone"
https://www.youtube.com/watch?v=gA3gfTmdxxY&pp=ygUKc21hcnRwaG9uZQ%3D%3D,"Technology,smartphone"
https://www.youtube.com/watch?v=XYh6wDBDTw4&pp=ygUKc21hcnRwaG9uZQ%3D%3D,"Technology,smartphone"
